FEATURE_A,FEATURE_B,GROUP_A,GROUP_B,SOURCE_A,SOURCE_B,PAIR_STRUCTURE,STRUCTURAL_PAIR,PEARSON,PEARSON_STRENGTH,SPEARMAN,SPEARMAN_STRENGTH,ABS_PEARSON,ABS_SPEARMAN,PEARSON_MINUS_SPEARMAN,ABS_MAGNITUDE_DIFFERENCE,MAX_ABS_CORRELATION,POTENTIAL_REDUNDANCY
SEND_AGE,TRANS_VALUE,Continuous numerical,Continuous numerical,SEND_AGE,TRANS_VALUE,Ordinary cross-feature relationship,False,-0.010660273295410099,Very weak or negligible,-0.024141079653869982,Very weak or negligible,0.010660273295410099,0.024141079653869982,0.013480806358459883,0.013480806358459883,0.024141079653869982,False
SEND_AGE,TRANS_DAY,Continuous numerical,Discrete numerical,SEND_AGE,TRANS_DAY,Ordinary cross-feature relationship,False,-0.0005641636186852322,Very weak or negligible,-0.0006983479906082397,Very weak or negligible,0.0005641636186852322,0.0006983479906082397,0.00013418437192300756,0.00013418437192300756,0.0006983479906082397,False
SEND_AGE,SEND_POP_REGISTER,Continuous numerical,Discrete numerical,SEND_AGE,SEND_POP_REGISTER,Ordinary cross-feature relationship,False,-0.09214370477535756,Very weak or negligible,-0.15533534459532242,Weak,0.09214370477535756,0.15533534459532242,0.06319163981996485,0.06319163981996485,0.15533534459532242,False
SEND_AGE,SEND_LAT_REGISTER,Continuous numerical,Continuous geographic,SEND_AGE,SEND_LAT_REGISTER,Ordinary cross-feature relationship,False,0.04726812951587376,Very weak or negligible,0.03616154715542121,Very weak or negligible,0.04726812951587376,0.03616154715542121,0.011106582360452547,0.011106582360452547,0.04726812951587376,False
SEND_AGE,SEND_LONG_REGISTER,Continuous numerical,Continuous geographic,SEND_AGE,SEND_LONG_REGISTER,Ordinary cross-feature relationship,False,-0.029068798977519447,Very weak or negligible,-0.019125843631285132,Very weak or negligible,0.029068798977519447,0.019125843631285132,-0.009942955346234315,0.009942955346234315,0.029068798977519447,False
SEND_AGE,RECEIVE_LAT,Continuous numerical,Continuous geographic,SEND_AGE,RECEIVE_LAT,Ordinary cross-feature relationship,False,0.04689301226665887,Very weak or negligible,0.035551730140464435,Very weak or negligible,0.04689301226665887,0.035551730140464435,0.011341282126194438,0.011341282126194438,0.04689301226665887,False
SEND_AGE,RECEIVE_LONG,Continuous numerical,Continuous geographic,SEND_AGE,RECEIVE_LONG,Ordinary cross-feature relationship,False,-0.029024688329661222,Very weak or negligible,-0.01884761931207961,Very weak or negligible,0.029024688329661222,0.01884761931207961,-0.01017706901758161,0.01017706901758161,0.029024688329661222,False
SEND_AGE,SEND_GENDER_BE,Continuous numerical,Binary encoding,SEND_AGE,SEND_GENDER_BE,Ordinary cross-feature relationship,False,0.005976038342685946,Very weak or negligible,0.012200579518444787,Very weak or negligible,0.005976038342685946,0.012200579518444787,-0.006224541175758841,0.006224541175758841,0.012200579518444787,False
SEND_AGE,TRANS_YEAR_BE,Continuous numerical,Binary encoding,SEND_AGE,TRANS_YEAR_BE,Ordinary cross-feature relationship,False,-0.004617056696673762,Very weak or negligible,-0.004971420132926921,Very weak or negligible,0.004617056696673762,0.004971420132926921,0.00035436343625315937,0.00035436343625315937,0.004971420132926921,False
SEND_AGE,TRANS_NUM_CARD_FEWF,Continuous numerical,Frequency encoding with fallback,SEND_AGE,TRANS_NUM_CARD_FEWF,Ordinary cross-feature relationship,False,-0.3535041113346657,Moderate,-0.3612679373721903,Moderate,0.3535041113346657,0.3612679373721903,0.007763826037524624,0.007763826037524624,0.3612679373721903,False
SEND_AGE,SEND_NAME_FEWF,Continuous numerical,Frequency encoding with fallback,SEND_AGE,SEND_NAME_FEWF,Ordinary cross-feature relationship,False,-0.34436692918515677,Moderate,-0.3578267449180566,Moderate,0.34436692918515677,0.3578267449180566,0.013459815732899838,0.013459815732899838,0.3578267449180566,False
SEND_AGE,SEND_JOB_FEWF,Continuous numerical,Frequency encoding with fallback,SEND_AGE,SEND_JOB_FEWF,Ordinary cross-feature relationship,False,-0.09744378675937687,Very weak or negligible,-0.10506877783305804,Weak,0.09744378675937687,0.10506877783305804,0.00762499107368117,0.00762499107368117,0.10506877783305804,False
SEND_AGE,RECEIVE_LOC_FEWF,Continuous numerical,Frequency encoding with fallback,SEND_AGE,RECEIVE_LOC_FEWF,Ordinary cross-feature relationship,False,0.047145663081456145,Very weak or negligible,0.051201559531182564,Very weak or negligible,0.047145663081456145,0.051201559531182564,-0.004055896449726419,0.004055896449726419,0.051201559531182564,False
SEND_AGE,TRANS_MONTH_SIN,Continuous numerical,Cyclical sine/cosine,SEND_AGE,TRANS_MONTH_SIN,Ordinary cross-feature relationship,False,-0.0005462428060783227,Very weak or negligible,-0.0007323680281339954,Very weak or negligible,0.0005462428060783227,0.0007323680281339954,0.00018612522205567266,0.00018612522205567266,0.0007323680281339954,False
SEND_AGE,TRANS_MONTH_COS,Continuous numerical,Cyclical sine/cosine,SEND_AGE,TRANS_MONTH_COS,Ordinary cross-feature relationship,False,-0.001580010406600944,Very weak or negligible,-0.0015840977208389096,Very weak or negligible,0.001580010406600944,0.0015840977208389096,4.087314237965567e-06,4.087314237965567e-06,0.0015840977208389096,False
SEND_AGE,TRANS_HOUR_SIN,Continuous numerical,Cyclical sine/cosine,SEND_AGE,TRANS_HOUR_SIN,Ordinary cross-feature relationship,False,0.18270421295608094,Weak,0.1763420623561671,Weak,0.18270421295608094,0.1763420623561671,0.006362150599913852,0.006362150599913852,0.18270421295608094,False
SEND_AGE,TRANS_HOUR_COS,Continuous numerical,Cyclical sine/cosine,SEND_AGE,TRANS_HOUR_COS,Ordinary cross-feature relationship,False,0.0021787051366379735,Very weak or negligible,0.0019838520424867805,Very weak or negligible,0.0021787051366379735,0.0019838520424867805,0.00019485309415119296,0.00019485309415119296,0.0021787051366379735,False
SEND_AGE,TRANS_WEEK_OHEWI_Friday,Continuous numerical,One-Hot encoding with ignore,SEND_AGE,TRANS_WEEK_OHEWI,Ordinary cross-feature relationship,False,0.0035698894789912023,Very weak or negligible,0.004043037048011988,Very weak or negligible,0.0035698894789912023,0.004043037048011988,-0.0004731475690207855,0.0004731475690207855,0.004043037048011988,False
SEND_AGE,TRANS_WEEK_OHEWI_Monday,Continuous numerical,One-Hot encoding with ignore,SEND_AGE,TRANS_WEEK_OHEWI,Ordinary cross-feature relationship,False,-0.0018417794519382169,Very weak or negligible,-0.0027075051900166424,Very weak or negligible,0.0018417794519382169,0.0027075051900166424,0.0008657257380784255,0.0008657257380784255,0.0027075051900166424,False
SEND_AGE,TRANS_WEEK_OHEWI_Saturday,Continuous numerical,One-Hot encoding with ignore,SEND_AGE,TRANS_WEEK_OHEWI,Ordinary cross-feature relationship,False,-0.0007687567032049363,Very weak or negligible,-0.0008413151972801969,Very weak or negligible,0.0007687567032049363,0.0008413151972801969,7.255849407526054e-05,7.255849407526054e-05,0.0008413151972801969,False
SEND_AGE,TRANS_WEEK_OHEWI_Sunday,Continuous numerical,One-Hot encoding with ignore,SEND_AGE,TRANS_WEEK_OHEWI,Ordinary cross-feature relationship,False,-0.010710671532989503,Very weak or negligible,-0.012313185518965238,Very weak or negligible,0.010710671532989503,0.012313185518965238,0.001602513985975735,0.001602513985975735,0.012313185518965238,False
SEND_AGE,TRANS_WEEK_OHEWI_Thursday,Continuous numerical,One-Hot encoding with ignore,SEND_AGE,TRANS_WEEK_OHEWI,Ordinary cross-feature relationship,False,0.00416285458002627,Very weak or negligible,0.005123670597810011,Very weak or negligible,0.00416285458002627,0.005123670597810011,-0.0009608160177837412,0.0009608160177837412,0.005123670597810011,False
SEND_AGE,TRANS_WEEK_OHEWI_Tuesday,Continuous numerical,One-Hot encoding with ignore,SEND_AGE,TRANS_WEEK_OHEWI,Ordinary cross-feature relationship,False,0.006079955254265177,Very weak or negligible,0.0067388982890596895,Very weak or negligible,0.006079955254265177,0.0067388982890596895,-0.0006589430347945123,0.0006589430347945123,0.0067388982890596895,False
SEND_AGE,TRANS_WEEK_OHEWI_Wednesday,Continuous numerical,One-Hot encoding with ignore,SEND_AGE,TRANS_WEEK_OHEWI,Ordinary cross-feature relationship,False,0.001895780066438972,Very weak or negligible,0.002923848728077243,Very weak or negligible,0.001895780066438972,0.002923848728077243,-0.0010280686616382711,0.0010280686616382711,0.002923848728077243,False
SEND_AGE,RECEIVE_CATEGORY_OHEWI_entertainment,Continuous numerical,One-Hot encoding with ignore,SEND_AGE,RECEIVE_CATEGORY_OHEWI,Ordinary cross-feature relationship,False,4.857634555964705e-05,Very weak or negligible,-0.0006365221376381262,Very weak or negligible,4.857634555964705e-05,0.0006365221376381262,0.0006850984831977732,0.0005879457920784792,0.0006365221376381262,False
SEND_AGE,RECEIVE_CATEGORY_OHEWI_food_dining,Continuous numerical,One-Hot encoding with ignore,SEND_AGE,RECEIVE_CATEGORY_OHEWI,Ordinary cross-feature relationship,False,-0.018438448165001092,Very weak or negligible,-0.01985881241934236,Very weak or negligible,0.018438448165001092,0.01985881241934236,0.0014203642543412671,0.0014203642543412671,0.01985881241934236,False
SEND_AGE,RECEIVE_CATEGORY_OHEWI_gas_transport,Continuous numerical,One-Hot encoding with ignore,SEND_AGE,RECEIVE_CATEGORY_OHEWI,Ordinary cross-feature relationship,False,0.03845337423124118,Very weak or negligible,0.03859876767972343,Very weak or negligible,0.03845337423124118,0.03859876767972343,-0.00014539344848225194,0.00014539344848225194,0.03859876767972343,False
SEND_AGE,RECEIVE_CATEGORY_OHEWI_grocery_net,Continuous numerical,One-Hot encoding with ignore,SEND_AGE,RECEIVE_CATEGORY_OHEWI,Ordinary cross-feature relationship,False,-0.0780399118205138,Very weak or negligible,-0.07968932981281888,Very weak or negligible,0.0780399118205138,0.07968932981281888,0.0016494179923050856,0.0016494179923050856,0.07968932981281888,False
SEND_AGE,RECEIVE_CATEGORY_OHEWI_grocery_pos,Continuous numerical,One-Hot encoding with ignore,SEND_AGE,RECEIVE_CATEGORY_OHEWI,Ordinary cross-feature relationship,False,0.01758271069736025,Very weak or negligible,0.019346951785405745,Very weak or negligible,0.01758271069736025,0.019346951785405745,-0.0017642410880454942,0.0017642410880454942,0.019346951785405745,False
SEND_AGE,RECEIVE_CATEGORY_OHEWI_health_fitness,Continuous numerical,One-Hot encoding with ignore,SEND_AGE,RECEIVE_CATEGORY_OHEWI,Ordinary cross-feature relationship,False,-0.0004107706738118087,Very weak or negligible,-0.00011598651203298868,Very weak or negligible,0.0004107706738118087,0.00011598651203298868,-0.00029478416177882,0.00029478416177882,0.0004107706738118087,False
SEND_AGE,RECEIVE_CATEGORY_OHEWI_home,Continuous numerical,One-Hot encoding with ignore,SEND_AGE,RECEIVE_CATEGORY_OHEWI,Ordinary cross-feature relationship,False,0.014469949302469103,Very weak or negligible,0.01585106665995641,Very weak or negligible,0.014469949302469103,0.01585106665995641,-0.0013811173574873065,0.0013811173574873065,0.01585106665995641,False
SEND_AGE,RECEIVE_CATEGORY_OHEWI_kids_pets,Continuous numerical,One-Hot encoding with ignore,SEND_AGE,RECEIVE_CATEGORY_OHEWI,Ordinary cross-feature relationship,False,0.021520172850482154,Very weak or negligible,0.022149455261377907,Very weak or negligible,0.021520172850482154,0.022149455261377907,-0.0006292824108957533,0.0006292824108957533,0.022149455261377907,False
SEND_AGE,RECEIVE_CATEGORY_OHEWI_misc_net,Continuous numerical,One-Hot encoding with ignore,SEND_AGE,RECEIVE_CATEGORY_OHEWI,Ordinary cross-feature relationship,False,0.002181162204939778,Very weak or negligible,0.0021107192499286173,Very weak or negligible,0.002181162204939778,0.0021107192499286173,7.044295501116085e-05,7.044295501116085e-05,0.002181162204939778,False
SEND_AGE,RECEIVE_CATEGORY_OHEWI_misc_pos,Continuous numerical,One-Hot encoding with ignore,SEND_AGE,RECEIVE_CATEGORY_OHEWI,Ordinary cross-feature relationship,False,-0.02833044745312039,Very weak or negligible,-0.029450793653340013,Very weak or negligible,0.02833044745312039,0.029450793653340013,0.0011203462002196234,0.0011203462002196234,0.029450793653340013,False
SEND_AGE,RECEIVE_CATEGORY_OHEWI_personal_care,Continuous numerical,One-Hot encoding with ignore,SEND_AGE,RECEIVE_CATEGORY_OHEWI,Ordinary cross-feature relationship,False,0.016142494253920697,Very weak or negligible,0.016419580234482537,Very weak or negligible,0.016142494253920697,0.016419580234482537,-0.0002770859805618399,0.0002770859805618399,0.016419580234482537,False
SEND_AGE,RECEIVE_CATEGORY_OHEWI_shopping_net,Continuous numerical,One-Hot encoding with ignore,SEND_AGE,RECEIVE_CATEGORY_OHEWI,Ordinary cross-feature relationship,False,-0.017161620284424303,Very weak or negligible,-0.017236814542579006,Very weak or negligible,0.017161620284424303,0.017236814542579006,7.519425815470313e-05,7.519425815470313e-05,0.017236814542579006,False
SEND_AGE,RECEIVE_CATEGORY_OHEWI_shopping_pos,Continuous numerical,One-Hot encoding with ignore,SEND_AGE,RECEIVE_CATEGORY_OHEWI,Ordinary cross-feature relationship,False,-0.017225274127264396,Very weak or negligible,-0.017509928259191426,Very weak or negligible,0.017225274127264396,0.017509928259191426,0.00028465413192703057,0.00028465413192703057,0.017509928259191426,False
SEND_AGE,RECEIVE_CATEGORY_OHEWI_travel,Continuous numerical,One-Hot encoding with ignore,SEND_AGE,RECEIVE_CATEGORY_OHEWI,Ordinary cross-feature relationship,False,0.021524098729453288,Very weak or negligible,0.0211957873413015,Very weak or negligible,0.021524098729453288,0.0211957873413015,0.0003283113881517863,0.0003283113881517863,0.021524098729453288,False
TRANS_VALUE,TRANS_DAY,Continuous numerical,Discrete numerical,TRANS_VALUE,TRANS_DAY,Ordinary cross-feature relationship,False,6.939453147627153e-05,Very weak or negligible,-0.0003338265493040806,Very weak or negligible,6.939453147627153e-05,0.0003338265493040806,0.00040322108078035213,0.00026443201782780904,0.0003338265493040806,False
TRANS_VALUE,SEND_POP_REGISTER,Continuous numerical,Discrete numerical,TRANS_VALUE,SEND_POP_REGISTER,Ordinary cross-feature relationship,False,0.0049207303184400485,Very weak or negligible,-0.0238029280921449,Very weak or negligible,0.0049207303184400485,0.0238029280921449,0.028723658410584947,0.018882197773704854,0.0238029280921449,False
TRANS_VALUE,SEND_LAT_REGISTER,Continuous numerical,Continuous geographic,TRANS_VALUE,SEND_LAT_REGISTER,Ordinary cross-feature relationship,False,-0.0006702696221280234,Very weak or negligible,0.01296691735927438,Very weak or negligible,0.0006702696221280234,0.01296691735927438,-0.013637186981402405,0.012296647737146357,0.01296691735927438,False
TRANS_VALUE,SEND_LONG_REGISTER,Continuous numerical,Continuous geographic,TRANS_VALUE,SEND_LONG_REGISTER,Ordinary cross-feature relationship,False,-0.0007348846815462361,Very weak or negligible,-0.0003279858098453591,Very weak or negligible,0.0007348846815462361,0.0003279858098453591,-0.000406898871700877,0.000406898871700877,0.0007348846815462361,False
TRANS_VALUE,RECEIVE_LAT,Continuous numerical,Continuous geographic,TRANS_VALUE,RECEIVE_LAT,Ordinary cross-feature relationship,False,-0.0006134269383442592,Very weak or negligible,0.01289289894656267,Very weak or negligible,0.0006134269383442592,0.01289289894656267,-0.013506325884906929,0.012279472008218412,0.01289289894656267,False
TRANS_VALUE,RECEIVE_LONG,Continuous numerical,Continuous geographic,TRANS_VALUE,RECEIVE_LONG,Ordinary cross-feature relationship,False,-0.000710940990291063,Very weak or negligible,-0.0002114745965178094,Very weak or negligible,0.000710940990291063,0.0002114745965178094,-0.0004994663937732536,0.0004994663937732536,0.000710940990291063,False
TRANS_VALUE,SEND_GENDER_BE,Continuous numerical,Binary encoding,TRANS_VALUE,SEND_GENDER_BE,Ordinary cross-feature relationship,False,0.0007397703470853082,Very weak or negligible,0.036701141423104496,Very weak or negligible,0.0007397703470853082,0.036701141423104496,-0.03596137107601919,0.03596137107601919,0.036701141423104496,False
TRANS_VALUE,TRANS_YEAR_BE,Continuous numerical,Binary encoding,TRANS_VALUE,TRANS_YEAR_BE,Ordinary cross-feature relationship,False,-0.0012655057853230033,Very weak or negligible,0.0006248208655216918,Very weak or negligible,0.0012655057853230033,0.0006248208655216918,-0.001890326650844695,0.0006406849198013116,0.0012655057853230033,False
TRANS_VALUE,TRANS_NUM_CARD_FEWF,Continuous numerical,Frequency encoding with fallback,TRANS_VALUE,TRANS_NUM_CARD_FEWF,Ordinary cross-feature relationship,False,-0.00975071215483343,Very weak or negligible,-0.0246361343564474,Very weak or negligible,0.00975071215483343,0.0246361343564474,0.01488542220161397,0.01488542220161397,0.0246361343564474,False
TRANS_VALUE,SEND_NAME_FEWF,Continuous numerical,Frequency encoding with fallback,TRANS_VALUE,SEND_NAME_FEWF,Ordinary cross-feature relationship,False,-0.009651697320676158,Very weak or negligible,-0.02426228641707639,Very weak or negligible,0.009651697320676158,0.02426228641707639,0.01461058909640023,0.01461058909640023,0.02426228641707639,False
TRANS_VALUE,SEND_JOB_FEWF,Continuous numerical,Frequency encoding with fallback,TRANS_VALUE,SEND_JOB_FEWF,Ordinary cross-feature relationship,False,-0.005594856396324883,Very weak or negligible,-0.013160402910131517,Very weak or negligible,0.005594856396324883,0.013160402910131517,0.007565546513806634,0.007565546513806634,0.013160402910131517,False
TRANS_VALUE,RECEIVE_LOC_FEWF,Continuous numerical,Frequency encoding with fallback,TRANS_VALUE,RECEIVE_LOC_FEWF,Ordinary cross-feature relationship,False,0.010715557255702174,Very weak or negligible,0.24005408352103275,Weak,0.010715557255702174,0.24005408352103275,-0.22933852626533058,0.22933852626533058,0.24005408352103275,False
TRANS_VALUE,TRANS_MONTH_SIN,Continuous numerical,Cyclical sine/cosine,TRANS_VALUE,TRANS_MONTH_SIN,Ordinary cross-feature relationship,False,0.0016122473976579901,Very weak or negligible,0.0015964051285407184,Very weak or negligible,0.0016122473976579901,0.0015964051285407184,1.5842269117271723e-05,1.5842269117271723e-05,0.0016122473976579901,False
TRANS_VALUE,TRANS_MONTH_COS,Continuous numerical,Cyclical sine/cosine,TRANS_VALUE,TRANS_MONTH_COS,Ordinary cross-feature relationship,False,0.0013020323535884275,Very weak or negligible,0.0016016848709565473,Very weak or negligible,0.0013020323535884275,0.0016016848709565473,-0.0002996525173681198,0.0002996525173681198,0.0016016848709565473,False
TRANS_VALUE,TRANS_HOUR_SIN,Continuous numerical,Cyclical sine/cosine,TRANS_VALUE,TRANS_HOUR_SIN,Ordinary cross-feature relationship,False,0.035823252865534026,Very weak or negligible,0.15935512577468738,Weak,0.035823252865534026,0.15935512577468738,-0.12353187290915335,0.12353187290915335,0.15935512577468738,False
TRANS_VALUE,TRANS_HOUR_COS,Continuous numerical,Cyclical sine/cosine,TRANS_VALUE,TRANS_HOUR_COS,Ordinary cross-feature relationship,False,0.015896373268847897,Very weak or negligible,0.00648344033575178,Very weak or negligible,0.015896373268847897,0.00648344033575178,0.009412932933096117,0.009412932933096117,0.015896373268847897,False
TRANS_VALUE,TRANS_WEEK_OHEWI_Friday,Continuous numerical,One-Hot encoding with ignore,TRANS_VALUE,TRANS_WEEK_OHEWI,Ordinary cross-feature relationship,False,0.0011939015184260539,Very weak or negligible,0.0013671619910081703,Very weak or negligible,0.0011939015184260539,0.0013671619910081703,-0.0001732604725821164,0.0001732604725821164,0.0013671619910081703,False
TRANS_VALUE,TRANS_WEEK_OHEWI_Monday,Continuous numerical,One-Hot encoding with ignore,TRANS_VALUE,TRANS_WEEK_OHEWI,Ordinary cross-feature relationship,False,-0.001475870418706923,Very weak or negligible,-0.0024609021394677005,Very weak or negligible,0.001475870418706923,0.0024609021394677005,0.0009850317207607774,0.0009850317207607774,0.0024609021394677005,False
TRANS_VALUE,TRANS_WEEK_OHEWI_Saturday,Continuous numerical,One-Hot encoding with ignore,TRANS_VALUE,TRANS_WEEK_OHEWI,Ordinary cross-feature relationship,False,0.0007867666953901355,Very weak or negligible,0.0009588960740060649,Very weak or negligible,0.0007867666953901355,0.0009588960740060649,-0.00017212937861592944,0.00017212937861592944,0.0009588960740060649,False
TRANS_VALUE,TRANS_WEEK_OHEWI_Sunday,Continuous numerical,One-Hot encoding with ignore,TRANS_VALUE,TRANS_WEEK_OHEWI,Ordinary cross-feature relationship,False,-0.0017802048170352572,Very weak or negligible,-0.0018377016123321429,Very weak or negligible,0.0017802048170352572,0.0018377016123321429,5.749679529688562e-05,5.749679529688562e-05,0.0018377016123321429,False
TRANS_VALUE,TRANS_WEEK_OHEWI_Thursday,Continuous numerical,One-Hot encoding with ignore,TRANS_VALUE,TRANS_WEEK_OHEWI,Ordinary cross-feature relationship,False,0.002597646101158383,Very weak or negligible,0.002946589941576676,Very weak or negligible,0.002597646101158383,0.002946589941576676,-0.0003489438404182927,0.0003489438404182927,0.002946589941576676,False
TRANS_VALUE,TRANS_WEEK_OHEWI_Tuesday,Continuous numerical,One-Hot encoding with ignore,TRANS_VALUE,TRANS_WEEK_OHEWI,Ordinary cross-feature relationship,False,-0.0007410411916512113,Very weak or negligible,-0.0010701124211236533,Very weak or negligible,0.0007410411916512113,0.0010701124211236533,0.00032907122947244203,0.00032907122947244203,0.0010701124211236533,False
TRANS_VALUE,TRANS_WEEK_OHEWI_Wednesday,Continuous numerical,One-Hot encoding with ignore,TRANS_VALUE,TRANS_WEEK_OHEWI,Ordinary cross-feature relationship,False,0.00022813592250692905,Very weak or negligible,0.0012535284797274087,Very weak or negligible,0.00022813592250692905,0.0012535284797274087,-0.0010253925572204796,0.0010253925572204796,0.0012535284797274087,False
TRANS_VALUE,RECEIVE_CATEGORY_OHEWI_entertainment,Continuous numerical,One-Hot encoding with ignore,TRANS_VALUE,RECEIVE_CATEGORY_OHEWI,Ordinary cross-feature relationship,False,-0.010386580525559554,Very weak or negligible,0.026229015522299927,Very weak or negligible,0.010386580525559554,0.026229015522299927,-0.03661559604785948,0.015842434996740373,0.026229015522299927,False
TRANS_VALUE,RECEIVE_CATEGORY_OHEWI_food_dining,Continuous numerical,One-Hot encoding with ignore,TRANS_VALUE,RECEIVE_CATEGORY_OHEWI,Ordinary cross-feature relationship,False,-0.03299590751490328,Very weak or negligible,-0.02736997212690394,Very weak or negligible,0.03299590751490328,0.02736997212690394,-0.005625935387999336,0.005625935387999336,0.03299590751490328,False
TRANS_VALUE,RECEIVE_CATEGORY_OHEWI_gas_transport,Continuous numerical,One-Hot encoding with ignore,TRANS_VALUE,RECEIVE_CATEGORY_OHEWI,Ordinary cross-feature relationship,False,-0.013900781687291806,Very weak or negligible,0.13187230199204422,Weak,0.013900781687291806,0.13187230199204422,-0.14577308367933603,0.11797152030475241,0.13187230199204422,False
TRANS_VALUE,RECEIVE_CATEGORY_OHEWI_grocery_net,Continuous numerical,One-Hot encoding with ignore,TRANS_VALUE,RECEIVE_CATEGORY_OHEWI,Ordinary cross-feature relationship,False,-0.01958917114465527,Very weak or negligible,0.028121275218527694,Very weak or negligible,0.01958917114465527,0.028121275218527694,-0.04771044636318296,0.008532104073872424,0.028121275218527694,False
TRANS_VALUE,RECEIVE_CATEGORY_OHEWI_grocery_pos,Continuous numerical,One-Hot encoding with ignore,TRANS_VALUE,RECEIVE_CATEGORY_OHEWI,Ordinary cross-feature relationship,False,0.09482131489127145,Very weak or negligible,0.33957748673254967,Moderate,0.09482131489127145,0.33957748673254967,-0.24475617184127824,0.24475617184127824,0.33957748673254967,False
TRANS_VALUE,RECEIVE_CATEGORY_OHEWI_health_fitness,Continuous numerical,One-Hot encoding with ignore,TRANS_VALUE,RECEIVE_CATEGORY_OHEWI,Ordinary cross-feature relationship,False,-0.0267009060998971,Very weak or negligible,-0.0005990672737157249,Very weak or negligible,0.0267009060998971,0.0005990672737157249,-0.026101838826181376,0.026101838826181376,0.0267009060998971,False
TRANS_VALUE,RECEIVE_CATEGORY_OHEWI_home,Continuous numerical,One-Hot encoding with ignore,TRANS_VALUE,RECEIVE_CATEGORY_OHEWI,Ordinary cross-feature relationship,False,-0.024120633869515747,Very weak or negligible,0.031106457021875034,Very weak or negligible,0.024120633869515747,0.031106457021875034,-0.05522709089139078,0.006985823152359287,0.031106457021875034,False
TRANS_VALUE,RECEIVE_CATEGORY_OHEWI_kids_pets,Continuous numerical,One-Hot encoding with ignore,TRANS_VALUE,RECEIVE_CATEGORY_OHEWI,Ordinary cross-feature relationship,False,-0.024345641768875114,Very weak or negligible,0.021295717266911617,Very weak or negligible,0.024345641768875114,0.021295717266911617,-0.04564135903578673,0.0030499245019634975,0.024345641768875114,False
TRANS_VALUE,RECEIVE_CATEGORY_OHEWI_misc_net,Continuous numerical,One-Hot encoding with ignore,TRANS_VALUE,RECEIVE_CATEGORY_OHEWI,Ordinary cross-feature relationship,False,0.014411813248102286,Very weak or negligible,-0.07374050724971334,Very weak or negligible,0.014411813248102286,0.07374050724971334,0.08815232049781563,0.05932869400161106,0.07374050724971334,False
TRANS_VALUE,RECEIVE_CATEGORY_OHEWI_misc_pos,Continuous numerical,One-Hot encoding with ignore,TRANS_VALUE,RECEIVE_CATEGORY_OHEWI,Ordinary cross-feature relationship,False,-0.011891204579759819,Very weak or negligible,-0.10633987714563559,Weak,0.011891204579759819,0.10633987714563559,0.09444867256587577,0.09444867256587577,0.10633987714563559,False
TRANS_VALUE,RECEIVE_CATEGORY_OHEWI_personal_care,Continuous numerical,One-Hot encoding with ignore,TRANS_VALUE,RECEIVE_CATEGORY_OHEWI,Ordinary cross-feature relationship,False,-0.03799267314112067,Very weak or negligible,-0.044889105314086145,Very weak or negligible,0.03799267314112067,0.044889105314086145,0.006896432172965476,0.006896432172965476,0.044889105314086145,False
TRANS_VALUE,RECEIVE_CATEGORY_OHEWI_shopping_net,Continuous numerical,One-Hot encoding with ignore,TRANS_VALUE,RECEIVE_CATEGORY_OHEWI,Ordinary cross-feature relationship,False,0.030224791627903837,Very weak or negligible,-0.12869196846143,Weak,0.030224791627903837,0.12869196846143,0.15891676008933384,0.09846717683352615,0.12869196846143,False
TRANS_VALUE,RECEIVE_CATEGORY_OHEWI_shopping_pos,Continuous numerical,One-Hot encoding with ignore,TRANS_VALUE,RECEIVE_CATEGORY_OHEWI,Ordinary cross-feature relationship,False,0.017448446467519814,Very weak or negligible,-0.1610471097868614,Weak,0.017448446467519814,0.1610471097868614,0.1784955562543812,0.1435986633193416,0.1610471097868614,False
TRANS_VALUE,RECEIVE_CATEGORY_OHEWI_travel,Continuous numerical,One-Hot encoding with ignore,TRANS_VALUE,RECEIVE_CATEGORY_OHEWI,Ordinary cross-feature relationship,False,0.04706628437740719,Very weak or negligible,-0.15176238473520226,Weak,0.04706628437740719,0.15176238473520226,0.19882866911260944,0.10469610035779507,0.15176238473520226,False
TRANS_DAY,SEND_POP_REGISTER,Discrete numerical,Discrete numerical,TRANS_DAY,SEND_POP_REGISTER,Ordinary cross-feature relationship,False,0.0006536110326462082,Very weak or negligible,0.00013229955532053885,Very weak or negligible,0.0006536110326462082,0.00013229955532053885,0.0005213114773256694,0.0005213114773256694,0.0006536110326462082,False
TRANS_DAY,SEND_LAT_REGISTER,Discrete numerical,Continuous geographic,TRANS_DAY,SEND_LAT_REGISTER,Ordinary cross-feature relationship,False,-0.0007671074565864262,Very weak or negligible,-0.0008605317236990378,Very weak or negligible,0.0007671074565864262,0.0008605317236990378,9.342426711261159e-05,9.342426711261159e-05,0.0008605317236990378,False
TRANS_DAY,SEND_LONG_REGISTER,Discrete numerical,Continuous geographic,TRANS_DAY,SEND_LONG_REGISTER,Ordinary cross-feature relationship,False,0.00011479653865951982,Very weak or negligible,0.0002797315324160754,Very weak or negligible,0.00011479653865951982,0.0002797315324160754,-0.00016493499375655555,0.00016493499375655555,0.0002797315324160754,False
TRANS_DAY,RECEIVE_LAT,Discrete numerical,Continuous geographic,TRANS_DAY,RECEIVE_LAT,Ordinary cross-feature relationship,False,-0.0008654939675514125,Very weak or negligible,-0.0009269163220903947,Very weak or negligible,0.0008654939675514125,0.0009269163220903947,6.142235453898215e-05,6.142235453898215e-05,0.0009269163220903947,False
TRANS_DAY,RECEIVE_LONG,Discrete numerical,Continuous geographic,TRANS_DAY,RECEIVE_LONG,Ordinary cross-feature relationship,False,0.00012918259392212636,Very weak or negligible,0.00028669169755464626,Very weak or negligible,0.00012918259392212636,0.00028669169755464626,-0.0001575091036325199,0.0001575091036325199,0.00028669169755464626,False
TRANS_DAY,SEND_GENDER_BE,Discrete numerical,Binary encoding,TRANS_DAY,SEND_GENDER_BE,Ordinary cross-feature relationship,False,-7.696249390048686e-05,Very weak or negligible,-7.550597258574934e-05,Very weak or negligible,7.696249390048686e-05,7.550597258574934e-05,-1.4565213147375205e-06,1.4565213147375205e-06,7.696249390048686e-05,False
TRANS_DAY,TRANS_YEAR_BE,Discrete numerical,Binary encoding,TRANS_DAY,TRANS_YEAR_BE,Ordinary cross-feature relationship,False,0.0007434529350401049,Very weak or negligible,0.0006446628191142991,Very weak or negligible,0.0007434529350401049,0.0006446628191142991,9.879011592580581e-05,9.879011592580581e-05,0.0007434529350401049,False
TRANS_DAY,TRANS_NUM_CARD_FEWF,Discrete numerical,Frequency encoding with fallback,TRANS_DAY,TRANS_NUM_CARD_FEWF,Ordinary cross-feature relationship,False,0.00020893806595094366,Very weak or negligible,0.0002819049350322455,Very weak or negligible,0.00020893806595094366,0.0002819049350322455,-7.296686908130184e-05,7.296686908130184e-05,0.0002819049350322455,False
TRANS_DAY,SEND_NAME_FEWF,Discrete numerical,Frequency encoding with fallback,TRANS_DAY,SEND_NAME_FEWF,Ordinary cross-feature relationship,False,-1.9040119678758786e-05,Very weak or negligible,0.0001391176738863687,Very weak or negligible,1.9040119678758786e-05,0.0001391176738863687,-0.00015815779356512748,0.00012007755420760992,0.0001391176738863687,False
TRANS_DAY,SEND_JOB_FEWF,Discrete numerical,Frequency encoding with fallback,TRANS_DAY,SEND_JOB_FEWF,Ordinary cross-feature relationship,False,0.0008407308637010866,Very weak or negligible,0.000533026143888431,Very weak or negligible,0.0008407308637010866,0.000533026143888431,0.00030770471981265556,0.00030770471981265556,0.0008407308637010866,False
TRANS_DAY,RECEIVE_LOC_FEWF,Discrete numerical,Frequency encoding with fallback,TRANS_DAY,RECEIVE_LOC_FEWF,Ordinary cross-feature relationship,False,-0.00041866033890423953,Very weak or negligible,-0.0005926744019840889,Very weak or negligible,0.00041866033890423953,0.0005926744019840889,0.00017401406307984935,0.00017401406307984935,0.0005926744019840889,False
TRANS_DAY,TRANS_MONTH_SIN,Discrete numerical,Cyclical sine/cosine,TRANS_DAY,TRANS_MONTH_SIN,Ordinary cross-feature relationship,False,-0.0006278946476128182,Very weak or negligible,8.183490686557762e-05,Very weak or negligible,0.0006278946476128182,8.183490686557762e-05,-0.0007097295544783958,0.0005460597407472407,0.0006278946476128182,False
TRANS_DAY,TRANS_MONTH_COS,Discrete numerical,Cyclical sine/cosine,TRANS_DAY,TRANS_MONTH_COS,Ordinary cross-feature relationship,False,-0.007230821204192671,Very weak or negligible,-0.0077802699258762275,Very weak or negligible,0.007230821204192671,0.0077802699258762275,0.0005494487216835568,0.0005494487216835568,0.0077802699258762275,False
TRANS_DAY,TRANS_HOUR_SIN,Discrete numerical,Cyclical sine/cosine,TRANS_DAY,TRANS_HOUR_SIN,Ordinary cross-feature relationship,False,0.0012261948404707918,Very weak or negligible,0.0014555226973020027,Very weak or negligible,0.0012261948404707918,0.0014555226973020027,-0.0002293278568312109,0.0002293278568312109,0.0014555226973020027,False
TRANS_DAY,TRANS_HOUR_COS,Discrete numerical,Cyclical sine/cosine,TRANS_DAY,TRANS_HOUR_COS,Ordinary cross-feature relationship,False,-0.0013302100360114409,Very weak or negligible,-0.0012103961323150557,Very weak or negligible,0.0013302100360114409,0.0012103961323150557,-0.00011981390369638517,0.00011981390369638517,0.0013302100360114409,False
TRANS_DAY,TRANS_WEEK_OHEWI_Friday,Discrete numerical,One-Hot encoding with ignore,TRANS_DAY,TRANS_WEEK_OHEWI,Ordinary cross-feature relationship,False,-0.0014857483853909655,Very weak or negligible,-0.0017438502926576667,Very weak or negligible,0.0014857483853909655,0.0017438502926576667,0.00025810190726670117,0.00025810190726670117,0.0017438502926576667,False
TRANS_DAY,TRANS_WEEK_OHEWI_Monday,Discrete numerical,One-Hot encoding with ignore,TRANS_DAY,TRANS_WEEK_OHEWI,Ordinary cross-feature relationship,False,0.006701416677366818,Very weak or negligible,0.0069355029657672375,Very weak or negligible,0.006701416677366818,0.0069355029657672375,-0.00023408628840041953,0.00023408628840041953,0.0069355029657672375,False
TRANS_DAY,TRANS_WEEK_OHEWI_Saturday,Discrete numerical,One-Hot encoding with ignore,TRANS_DAY,TRANS_WEEK_OHEWI,Ordinary cross-feature relationship,False,0.0076132724008360925,Very weak or negligible,0.007433266410664431,Very weak or negligible,0.0076132724008360925,0.007433266410664431,0.00018000599017166125,0.00018000599017166125,0.0076132724008360925,False
TRANS_DAY,TRANS_WEEK_OHEWI_Sunday,Discrete numerical,One-Hot encoding with ignore,TRANS_DAY,TRANS_WEEK_OHEWI,Ordinary cross-feature relationship,False,-0.007650595062396097,Very weak or negligible,-0.007767863969019078,Very weak or negligible,0.007650595062396097,0.007767863969019078,0.00011726890662298178,0.00011726890662298178,0.007767863969019078,False
TRANS_DAY,TRANS_WEEK_OHEWI_Thursday,Discrete numerical,One-Hot encoding with ignore,TRANS_DAY,TRANS_WEEK_OHEWI,Ordinary cross-feature relationship,False,0.00997311198324382,Very weak or negligible,0.009897720923805798,Very weak or negligible,0.00997311198324382,0.009897720923805798,7.539105943802152e-05,7.539105943802152e-05,0.00997311198324382,False
TRANS_DAY,TRANS_WEEK_OHEWI_Tuesday,Discrete numerical,One-Hot encoding with ignore,TRANS_DAY,TRANS_WEEK_OHEWI,Ordinary cross-feature relationship,False,-0.006121114698653014,Very weak or negligible,-0.005919562514440018,Very weak or negligible,0.006121114698653014,0.005919562514440018,-0.00020155218421299623,0.00020155218421299623,0.006121114698653014,False
TRANS_DAY,TRANS_WEEK_OHEWI_Wednesday,Discrete numerical,One-Hot encoding with ignore,TRANS_DAY,TRANS_WEEK_OHEWI,Ordinary cross-feature relationship,False,-0.009581373093231167,Very weak or negligible,-0.009413612136232371,Very weak or negligible,0.009581373093231167,0.009413612136232371,-0.00016776095699879562,0.00016776095699879562,0.009581373093231167,False
TRANS_DAY,RECEIVE_CATEGORY_OHEWI_entertainment,Discrete numerical,One-Hot encoding with ignore,TRANS_DAY,RECEIVE_CATEGORY_OHEWI,Ordinary cross-feature relationship,False,-0.0002346222972789353,Very weak or negligible,-0.00022990666986824547,Very weak or negligible,0.0002346222972789353,0.00022990666986824547,-4.715627410689833e-06,4.715627410689833e-06,0.0002346222972789353,False
TRANS_DAY,RECEIVE_CATEGORY_OHEWI_food_dining,Discrete numerical,One-Hot encoding with ignore,TRANS_DAY,RECEIVE_CATEGORY_OHEWI,Ordinary cross-feature relationship,False,-2.0785793856292126e-05,Very weak or negligible,-2.5651293651332558e-05,Very weak or negligible,2.0785793856292126e-05,2.5651293651332558e-05,4.865499795040432e-06,4.865499795040432e-06,2.5651293651332558e-05,False
TRANS_DAY,RECEIVE_CATEGORY_OHEWI_gas_transport,Discrete numerical,One-Hot encoding with ignore,TRANS_DAY,RECEIVE_CATEGORY_OHEWI,Ordinary cross-feature relationship,False,0.00027633086251661963,Very weak or negligible,0.00027693391290541043,Very weak or negligible,0.00027633086251661963,0.00027693391290541043,-6.030503887908037e-07,6.030503887908037e-07,0.00027693391290541043,False
TRANS_DAY,RECEIVE_CATEGORY_OHEWI_grocery_net,Discrete numerical,One-Hot encoding with ignore,TRANS_DAY,RECEIVE_CATEGORY_OHEWI,Ordinary cross-feature relationship,False,0.0010069055037300082,Very weak or negligible,0.0010072756277026676,Very weak or negligible,0.0010069055037300082,0.0010072756277026676,-3.701239726593662e-07,3.701239726593662e-07,0.0010072756277026676,False
TRANS_DAY,RECEIVE_CATEGORY_OHEWI_grocery_pos,Discrete numerical,One-Hot encoding with ignore,TRANS_DAY,RECEIVE_CATEGORY_OHEWI,Ordinary cross-feature relationship,False,0.0006895853744031309,Very weak or negligible,0.0006919365790541738,Very weak or negligible,0.0006895853744031309,0.0006919365790541738,-2.3512046510429027e-06,2.3512046510429027e-06,0.0006919365790541738,False
TRANS_DAY,RECEIVE_CATEGORY_OHEWI_health_fitness,Discrete numerical,One-Hot encoding with ignore,TRANS_DAY,RECEIVE_CATEGORY_OHEWI,Ordinary cross-feature relationship,False,0.00022712906933874526,Very weak or negligible,0.0002317453346685663,Very weak or negligible,0.00022712906933874526,0.0002317453346685663,-4.6162653298210325e-06,4.6162653298210325e-06,0.0002317453346685663,False
TRANS_DAY,RECEIVE_CATEGORY_OHEWI_home,Discrete numerical,One-Hot encoding with ignore,TRANS_DAY,RECEIVE_CATEGORY_OHEWI,Ordinary cross-feature relationship,False,-0.0013123582994701926,Very weak or negligible,-0.0013089085112703031,Very weak or negligible,0.0013123582994701926,0.0013089085112703031,-3.449788199889458e-06,3.449788199889458e-06,0.0013123582994701926,False
TRANS_DAY,RECEIVE_CATEGORY_OHEWI_kids_pets,Discrete numerical,One-Hot encoding with ignore,TRANS_DAY,RECEIVE_CATEGORY_OHEWI,Ordinary cross-feature relationship,False,-0.00022563767868045412,Very weak or negligible,-0.00022522411653219397,Very weak or negligible,0.00022563767868045412,0.00022522411653219397,-4.135621482601493e-07,4.135621482601493e-07,0.00022563767868045412,False
TRANS_DAY,RECEIVE_CATEGORY_OHEWI_misc_net,Discrete numerical,One-Hot encoding with ignore,TRANS_DAY,RECEIVE_CATEGORY_OHEWI,Ordinary cross-feature relationship,False,-0.0007869354721352468,Very weak or negligible,-0.0007949247547739707,Very weak or negligible,0.0007869354721352468,0.0007949247547739707,7.989282638723861e-06,7.989282638723861e-06,0.0007949247547739707,False
TRANS_DAY,RECEIVE_CATEGORY_OHEWI_misc_pos,Discrete numerical,One-Hot encoding with ignore,TRANS_DAY,RECEIVE_CATEGORY_OHEWI,Ordinary cross-feature relationship,False,0.0012778153813286413,Very weak or negligible,0.0012805808879613526,Very weak or negligible,0.0012778153813286413,0.0012805808879613526,-2.76550663271132e-06,2.76550663271132e-06,0.0012805808879613526,False
TRANS_DAY,RECEIVE_CATEGORY_OHEWI_personal_care,Discrete numerical,One-Hot encoding with ignore,TRANS_DAY,RECEIVE_CATEGORY_OHEWI,Ordinary cross-feature relationship,False,-0.0006680190028652735,Very weak or negligible,-0.0006675808277503859,Very weak or negligible,0.0006680190028652735,0.0006675808277503859,-4.381751148876088e-07,4.381751148876088e-07,0.0006680190028652735,False
TRANS_DAY,RECEIVE_CATEGORY_OHEWI_shopping_net,Discrete numerical,One-Hot encoding with ignore,TRANS_DAY,RECEIVE_CATEGORY_OHEWI,Ordinary cross-feature relationship,False,0.0007575268963233301,Very weak or negligible,0.0007503614251688322,Very weak or negligible,0.0007575268963233301,0.0007503614251688322,7.165471154497961e-06,7.165471154497961e-06,0.0007575268963233301,False
TRANS_DAY,RECEIVE_CATEGORY_OHEWI_shopping_pos,Discrete numerical,One-Hot encoding with ignore,TRANS_DAY,RECEIVE_CATEGORY_OHEWI,Ordinary cross-feature relationship,False,-0.0009596331704469971,Very weak or negligible,-0.0009611655245350996,Very weak or negligible,0.0009596331704469971,0.0009611655245350996,1.5323540881025327e-06,1.5323540881025327e-06,0.0009611655245350996,False
TRANS_DAY,RECEIVE_CATEGORY_OHEWI_travel,Discrete numerical,One-Hot encoding with ignore,TRANS_DAY,RECEIVE_CATEGORY_OHEWI,Ordinary cross-feature relationship,False,0.0005430826328488149,Very weak or negligible,0.000543565943412951,Very weak or negligible,0.0005430826328488149,0.000543565943412951,-4.833105641361638e-07,4.833105641361638e-07,0.000543565943412951,False
SEND_POP_REGISTER,SEND_LAT_REGISTER,Discrete numerical,Continuous geographic,SEND_POP_REGISTER,SEND_LAT_REGISTER,Ordinary cross-feature relationship,False,-0.15481598829499257,Weak,-0.26364845657629665,Weak,0.15481598829499257,0.26364845657629665,0.10883246828130408,0.10883246828130408,0.26364845657629665,False
SEND_POP_REGISTER,SEND_LONG_REGISTER,Discrete numerical,Continuous geographic,SEND_POP_REGISTER,SEND_LONG_REGISTER,Ordinary cross-feature relationship,False,-0.05235906286033099,Very weak or negligible,0.08705128748396172,Very weak or negligible,0.05235906286033099,0.08705128748396172,-0.13941035034429272,0.03469222462363073,0.08705128748396172,False
SEND_POP_REGISTER,RECEIVE_LAT,Discrete numerical,Continuous geographic,SEND_POP_REGISTER,RECEIVE_LAT,Ordinary cross-feature relationship,False,-0.15386317418534307,Weak,-0.2627232136059931,Weak,0.15386317418534307,0.2627232136059931,0.10886003942065003,0.10886003942065003,0.2627232136059931,False
SEND_POP_REGISTER,RECEIVE_LONG,Discrete numerical,Continuous geographic,SEND_POP_REGISTER,RECEIVE_LONG,Ordinary cross-feature relationship,False,-0.05232921022444757,Very weak or negligible,0.08617110353914909,Very weak or negligible,0.05232921022444757,0.08617110353914909,-0.13850031376359667,0.03384189331470151,0.08617110353914909,False
SEND_POP_REGISTER,SEND_GENDER_BE,Discrete numerical,Binary encoding,SEND_POP_REGISTER,SEND_GENDER_BE,Ordinary cross-feature relationship,False,-0.028862448940523568,Very weak or negligible,0.04070829082410941,Very weak or negligible,0.028862448940523568,0.04070829082410941,-0.06957073976463297,0.01184584188358584,0.04070829082410941,False
SEND_POP_REGISTER,TRANS_YEAR_BE,Discrete numerical,Binary encoding,SEND_POP_REGISTER,TRANS_YEAR_BE,Ordinary cross-feature relationship,False,-0.0016597637039134183,Very weak or negligible,-0.0033796967726759434,Very weak or negligible,0.0016597637039134183,0.0033796967726759434,0.001719933068762525,0.001719933068762525,0.0033796967726759434,False
SEND_POP_REGISTER,TRANS_NUM_CARD_FEWF,Discrete numerical,Frequency encoding with fallback,SEND_POP_REGISTER,TRANS_NUM_CARD_FEWF,Ordinary cross-feature relationship,False,0.022819072826784886,Very weak or negligible,-0.005577526640309723,Very weak or negligible,0.022819072826784886,0.005577526640309723,0.028396599467094608,0.017241546186475165,0.022819072826784886,False
SEND_POP_REGISTER,SEND_NAME_FEWF,Discrete numerical,Frequency encoding with fallback,SEND_POP_REGISTER,SEND_NAME_FEWF,Ordinary cross-feature relationship,False,0.02066655351614065,Very weak or negligible,-0.006472380752937696,Very weak or negligible,0.02066655351614065,0.006472380752937696,0.027138934269078346,0.014194172763202952,0.02066655351614065,False
SEND_POP_REGISTER,SEND_JOB_FEWF,Discrete numerical,Frequency encoding with fallback,SEND_POP_REGISTER,SEND_JOB_FEWF,Ordinary cross-feature relationship,False,0.04174154789626464,Very weak or negligible,-0.023619219365042066,Very weak or negligible,0.04174154789626464,0.023619219365042066,0.06536076726130671,0.018122328531222576,0.04174154789626464,False
SEND_POP_REGISTER,RECEIVE_LOC_FEWF,Discrete numerical,Frequency encoding with fallback,SEND_POP_REGISTER,RECEIVE_LOC_FEWF,Ordinary cross-feature relationship,False,-0.012591486952340039,Very weak or negligible,-0.035622720591519434,Very weak or negligible,0.012591486952340039,0.035622720591519434,0.023031233639179395,0.023031233639179395,0.035622720591519434,False
SEND_POP_REGISTER,TRANS_MONTH_SIN,Discrete numerical,Cyclical sine/cosine,SEND_POP_REGISTER,TRANS_MONTH_SIN,Ordinary cross-feature relationship,False,0.000604832103202392,Very weak or negligible,0.00022545981275142103,Very weak or negligible,0.000604832103202392,0.00022545981275142103,0.00037937229045097095,0.00037937229045097095,0.000604832103202392,False
SEND_POP_REGISTER,TRANS_MONTH_COS,Discrete numerical,Cyclical sine/cosine,SEND_POP_REGISTER,TRANS_MONTH_COS,Ordinary cross-feature relationship,False,0.0009342593187129029,Very weak or negligible,0.001008362748270254,Very weak or negligible,0.0009342593187129029,0.001008362748270254,-7.410342955735112e-05,7.410342955735112e-05,0.001008362748270254,False
SEND_POP_REGISTER,TRANS_HOUR_SIN,Discrete numerical,Cyclical sine/cosine,SEND_POP_REGISTER,TRANS_HOUR_SIN,Ordinary cross-feature relationship,False,-0.019958644580652763,Very weak or negligible,-0.03177854819493878,Very weak or negligible,0.019958644580652763,0.03177854819493878,0.011819903614286014,0.011819903614286014,0.03177854819493878,False
SEND_POP_REGISTER,TRANS_HOUR_COS,Discrete numerical,Cyclical sine/cosine,SEND_POP_REGISTER,TRANS_HOUR_COS,Ordinary cross-feature relationship,False,0.0003098923730697384,Very weak or negligible,-0.00025648001528593664,Very weak or negligible,0.0003098923730697384,0.00025648001528593664,0.000566372388355675,5.341235778380174e-05,0.0003098923730697384,False
SEND_POP_REGISTER,TRANS_WEEK_OHEWI_Friday,Discrete numerical,One-Hot encoding with ignore,SEND_POP_REGISTER,TRANS_WEEK_OHEWI,Ordinary cross-feature relationship,False,-0.003759871302699238,Very weak or negligible,-0.004630502271710053,Very weak or negligible,0.003759871302699238,0.004630502271710053,0.0008706309690108146,0.0008706309690108146,0.004630502271710053,False
SEND_POP_REGISTER,TRANS_WEEK_OHEWI_Monday,Discrete numerical,One-Hot encoding with ignore,SEND_POP_REGISTER,TRANS_WEEK_OHEWI,Ordinary cross-feature relationship,False,0.0031374529961192754,Very weak or negligible,0.005159126604328867,Very weak or negligible,0.0031374529961192754,0.005159126604328867,-0.002021673608209592,0.002021673608209592,0.005159126604328867,False
SEND_POP_REGISTER,TRANS_WEEK_OHEWI_Saturday,Discrete numerical,One-Hot encoding with ignore,SEND_POP_REGISTER,TRANS_WEEK_OHEWI,Ordinary cross-feature relationship,False,0.000816363558662902,Very weak or negligible,0.0007224040278729132,Very weak or negligible,0.000816363558662902,0.0007224040278729132,9.39595307899888e-05,9.39595307899888e-05,0.000816363558662902,False
SEND_POP_REGISTER,TRANS_WEEK_OHEWI_Sunday,Discrete numerical,One-Hot encoding with ignore,SEND_POP_REGISTER,TRANS_WEEK_OHEWI,Ordinary cross-feature relationship,False,0.004929816674024416,Very weak or negligible,0.005405260378877634,Very weak or negligible,0.004929816674024416,0.005405260378877634,-0.0004754437048532182,0.0004754437048532182,0.005405260378877634,False
SEND_POP_REGISTER,TRANS_WEEK_OHEWI_Thursday,Discrete numerical,One-Hot encoding with ignore,SEND_POP_REGISTER,TRANS_WEEK_OHEWI,Ordinary cross-feature relationship,False,-0.003357689260549768,Very weak or negligible,-0.003975345307356485,Very weak or negligible,0.003357689260549768,0.003975345307356485,0.0006176560468067168,0.0006176560468067168,0.003975345307356485,False
SEND_POP_REGISTER,TRANS_WEEK_OHEWI_Tuesday,Discrete numerical,One-Hot encoding with ignore,SEND_POP_REGISTER,TRANS_WEEK_OHEWI,Ordinary cross-feature relationship,False,-0.0001327707582419532,Very weak or negligible,-0.0005252969859222153,Very weak or negligible,0.0001327707582419532,0.0005252969859222153,0.00039252622768026204,0.00039252622768026204,0.0005252969859222153,False
SEND_POP_REGISTER,TRANS_WEEK_OHEWI_Wednesday,Discrete numerical,One-Hot encoding with ignore,SEND_POP_REGISTER,TRANS_WEEK_OHEWI,Ordinary cross-feature relationship,False,-0.00383349832964731,Very weak or negligible,-0.004996648172579014,Very weak or negligible,0.00383349832964731,0.004996648172579014,0.0011631498429317036,0.0011631498429317036,0.004996648172579014,False
SEND_POP_REGISTER,RECEIVE_CATEGORY_OHEWI_entertainment,Discrete numerical,One-Hot encoding with ignore,SEND_POP_REGISTER,RECEIVE_CATEGORY_OHEWI,Ordinary cross-feature relationship,False,-0.00029302817601189064,Very weak or negligible,-0.0005036784124136713,Very weak or negligible,0.00029302817601189064,0.0005036784124136713,0.00021065023640178064,0.00021065023640178064,0.0005036784124136713,False
SEND_POP_REGISTER,RECEIVE_CATEGORY_OHEWI_food_dining,Discrete numerical,One-Hot encoding with ignore,SEND_POP_REGISTER,RECEIVE_CATEGORY_OHEWI,Ordinary cross-feature relationship,False,0.005135215885481256,Very weak or negligible,0.015889603924868056,Very weak or negligible,0.005135215885481256,0.015889603924868056,-0.0107543880393868,0.0107543880393868,0.015889603924868056,False
SEND_POP_REGISTER,RECEIVE_CATEGORY_OHEWI_gas_transport,Discrete numerical,One-Hot encoding with ignore,SEND_POP_REGISTER,RECEIVE_CATEGORY_OHEWI,Ordinary cross-feature relationship,False,-0.02160804553897091,Very weak or negligible,-0.058178488582813506,Very weak or negligible,0.02160804553897091,0.058178488582813506,0.0365704430438426,0.0365704430438426,0.058178488582813506,False
SEND_POP_REGISTER,RECEIVE_CATEGORY_OHEWI_grocery_net,Discrete numerical,One-Hot encoding with ignore,SEND_POP_REGISTER,RECEIVE_CATEGORY_OHEWI,Ordinary cross-feature relationship,False,0.018617268621806658,Very weak or negligible,0.049438521636595165,Very weak or negligible,0.018617268621806658,0.049438521636595165,-0.030821253014788507,0.030821253014788507,0.049438521636595165,False
SEND_POP_REGISTER,RECEIVE_CATEGORY_OHEWI_grocery_pos,Discrete numerical,One-Hot encoding with ignore,SEND_POP_REGISTER,RECEIVE_CATEGORY_OHEWI,Ordinary cross-feature relationship,False,-0.0029703363787550547,Very weak or negligible,-0.002344572138304303,Very weak or negligible,0.0029703363787550547,0.002344572138304303,-0.0006257642404507518,0.0006257642404507518,0.0029703363787550547,False
SEND_POP_REGISTER,RECEIVE_CATEGORY_OHEWI_health_fitness,Discrete numerical,One-Hot encoding with ignore,SEND_POP_REGISTER,RECEIVE_CATEGORY_OHEWI,Ordinary cross-feature relationship,False,-0.0032485235569364767,Very weak or negligible,-0.014494633584787628,Very weak or negligible,0.0032485235569364767,0.014494633584787628,0.011246110027851152,0.011246110027851152,0.014494633584787628,False
SEND_POP_REGISTER,RECEIVE_CATEGORY_OHEWI_home,Discrete numerical,One-Hot encoding with ignore,SEND_POP_REGISTER,RECEIVE_CATEGORY_OHEWI,Ordinary cross-feature relationship,False,-0.0027871837844078823,Very weak or negligible,0.0004026590860757481,Very weak or negligible,0.0027871837844078823,0.0004026590860757481,-0.0031898428704836305,0.002384524698332134,0.0027871837844078823,False
SEND_POP_REGISTER,RECEIVE_CATEGORY_OHEWI_kids_pets,Discrete numerical,One-Hot encoding with ignore,SEND_POP_REGISTER,RECEIVE_CATEGORY_OHEWI,Ordinary cross-feature relationship,False,-0.0003139319842194716,Very weak or negligible,-0.0020698965275268272,Very weak or negligible,0.0003139319842194716,0.0020698965275268272,0.0017559645433073558,0.0017559645433073558,0.0020698965275268272,False
SEND_POP_REGISTER,RECEIVE_CATEGORY_OHEWI_misc_net,Discrete numerical,One-Hot encoding with ignore,SEND_POP_REGISTER,RECEIVE_CATEGORY_OHEWI,Ordinary cross-feature relationship,False,-0.0024513247280168733,Very weak or negligible,-0.012722804286416284,Very weak or negligible,0.0024513247280168733,0.012722804286416284,0.01027147955839941,0.01027147955839941,0.012722804286416284,False
SEND_POP_REGISTER,RECEIVE_CATEGORY_OHEWI_misc_pos,Discrete numerical,One-Hot encoding with ignore,SEND_POP_REGISTER,RECEIVE_CATEGORY_OHEWI,Ordinary cross-feature relationship,False,0.004777025822134432,Very weak or negligible,0.017563232926491614,Very weak or negligible,0.004777025822134432,0.017563232926491614,-0.012786207104357182,0.012786207104357182,0.017563232926491614,False
SEND_POP_REGISTER,RECEIVE_CATEGORY_OHEWI_personal_care,Discrete numerical,One-Hot encoding with ignore,SEND_POP_REGISTER,RECEIVE_CATEGORY_OHEWI,Ordinary cross-feature relationship,False,-0.00017044586122589954,Very weak or negligible,-0.00031907410884215087,Very weak or negligible,0.00017044586122589954,0.00031907410884215087,0.00014862824761625133,0.00014862824761625133,0.00031907410884215087,False
SEND_POP_REGISTER,RECEIVE_CATEGORY_OHEWI_shopping_net,Discrete numerical,One-Hot encoding with ignore,SEND_POP_REGISTER,RECEIVE_CATEGORY_OHEWI,Ordinary cross-feature relationship,False,0.003220320707622872,Very weak or negligible,-0.002664413266485211,Very weak or negligible,0.003220320707622872,0.002664413266485211,0.005884733974108083,0.0005559074411376607,0.003220320707622872,False
SEND_POP_REGISTER,RECEIVE_CATEGORY_OHEWI_shopping_pos,Discrete numerical,One-Hot encoding with ignore,SEND_POP_REGISTER,RECEIVE_CATEGORY_OHEWI,Ordinary cross-feature relationship,False,0.011615939490725187,Very weak or negligible,0.0313583153523656,Very weak or negligible,0.011615939490725187,0.0313583153523656,-0.01974237586164041,0.01974237586164041,0.0313583153523656,False
SEND_POP_REGISTER,RECEIVE_CATEGORY_OHEWI_travel,Discrete numerical,One-Hot encoding with ignore,SEND_POP_REGISTER,RECEIVE_CATEGORY_OHEWI,Ordinary cross-feature relationship,False,-0.0017267329893379962,Very weak or negligible,-0.002095231463503126,Very weak or negligible,0.0017267329893379962,0.002095231463503126,0.0003684984741651298,0.0003684984741651298,0.002095231463503126,False
SEND_LAT_REGISTER,SEND_LONG_REGISTER,Continuous geographic,Continuous geographic,SEND_LAT_REGISTER,SEND_LONG_REGISTER,Ordinary cross-feature relationship,False,-0.014744115460892658,Very weak or negligible,0.10547566356208012,Weak,0.014744115460892658,0.10547566356208012,-0.12021977902297278,0.09073154810118746,0.10547566356208012,False
SEND_LAT_REGISTER,RECEIVE_LAT,Continuous geographic,Continuous geographic,SEND_LAT_REGISTER,RECEIVE_LAT,Ordinary cross-feature relationship,False,0.9935817079961464,Very strong,0.9910039549335895,Very strong,0.9935817079961464,0.9910039549335895,0.00257775306255692,0.00257775306255692,0.9935817079961464,True
SEND_LAT_REGISTER,RECEIVE_LONG,Continuous geographic,Continuous geographic,SEND_LAT_REGISTER,RECEIVE_LONG,Ordinary cross-feature relationship,False,-0.014709074194523372,Very weak or negligible,0.10422113794226788,Weak,0.014709074194523372,0.10422113794226788,-0.11893021213679125,0.08951206374774451,0.10422113794226788,False
SEND_LAT_REGISTER,SEND_GENDER_BE,Continuous geographic,Binary encoding,SEND_LAT_REGISTER,SEND_GENDER_BE,Ordinary cross-feature relationship,False,0.042861726228573246,Very weak or negligible,0.05006740455081047,Very weak or negligible,0.042861726228573246,0.05006740455081047,-0.007205678322237223,0.007205678322237223,0.05006740455081047,False
SEND_LAT_REGISTER,TRANS_YEAR_BE,Continuous geographic,Binary encoding,SEND_LAT_REGISTER,TRANS_YEAR_BE,Ordinary cross-feature relationship,False,0.0011401399516972727,Very weak or negligible,0.0011968835432931571,Very weak or negligible,0.0011401399516972727,0.0011968835432931571,-5.674359159588442e-05,5.674359159588442e-05,0.0011968835432931571,False
SEND_LAT_REGISTER,TRANS_NUM_CARD_FEWF,Continuous geographic,Frequency encoding with fallback,SEND_LAT_REGISTER,TRANS_NUM_CARD_FEWF,Ordinary cross-feature relationship,False,-0.02168809011892519,Very weak or negligible,-0.014639071216980938,Very weak or negligible,0.02168809011892519,0.014639071216980938,-0.007049018901944251,0.007049018901944251,0.02168809011892519,False
SEND_LAT_REGISTER,SEND_NAME_FEWF,Continuous geographic,Frequency encoding with fallback,SEND_LAT_REGISTER,SEND_NAME_FEWF,Ordinary cross-feature relationship,False,-0.006505706534967503,Very weak or negligible,-0.004709057503331035,Very weak or negligible,0.006505706534967503,0.004709057503331035,-0.0017966490316364677,0.0017966490316364677,0.006505706534967503,False
SEND_LAT_REGISTER,SEND_JOB_FEWF,Continuous geographic,Frequency encoding with fallback,SEND_LAT_REGISTER,SEND_JOB_FEWF,Ordinary cross-feature relationship,False,-0.06732921381770654,Very weak or negligible,-0.06268708045922582,Very weak or negligible,0.06732921381770654,0.06268708045922582,-0.004642133358480724,0.004642133358480724,0.06732921381770654,False
SEND_LAT_REGISTER,RECEIVE_LOC_FEWF,Continuous geographic,Frequency encoding with fallback,SEND_LAT_REGISTER,RECEIVE_LOC_FEWF,Ordinary cross-feature relationship,False,0.0061146317243832475,Very weak or negligible,0.006524301395797888,Very weak or negligible,0.0061146317243832475,0.006524301395797888,-0.00040966967141464056,0.00040966967141464056,0.006524301395797888,False
SEND_LAT_REGISTER,TRANS_MONTH_SIN,Continuous geographic,Cyclical sine/cosine,SEND_LAT_REGISTER,TRANS_MONTH_SIN,Ordinary cross-feature relationship,False,0.0005646884429240139,Very weak or negligible,0.0003999286820158682,Very weak or negligible,0.0005646884429240139,0.0003999286820158682,0.00016475976090814574,0.00016475976090814574,0.0005646884429240139,False
SEND_LAT_REGISTER,TRANS_MONTH_COS,Continuous geographic,Cyclical sine/cosine,SEND_LAT_REGISTER,TRANS_MONTH_COS,Ordinary cross-feature relationship,False,-0.00024140281941018154,Very weak or negligible,-0.0004763507861928215,Very weak or negligible,0.00024140281941018154,0.0004763507861928215,0.00023494796678263997,0.00023494796678263997,0.0004763507861928215,False
SEND_LAT_REGISTER,TRANS_HOUR_SIN,Continuous geographic,Cyclical sine/cosine,SEND_LAT_REGISTER,TRANS_HOUR_SIN,Ordinary cross-feature relationship,False,0.012179870065147888,Very weak or negligible,0.011580753072423986,Very weak or negligible,0.012179870065147888,0.011580753072423986,0.0005991169927239016,0.0005991169927239016,0.012179870065147888,False
SEND_LAT_REGISTER,TRANS_HOUR_COS,Continuous geographic,Cyclical sine/cosine,SEND_LAT_REGISTER,TRANS_HOUR_COS,Ordinary cross-feature relationship,False,-6.581257499381611e-05,Very weak or negligible,0.00015907569759866132,Very weak or negligible,6.581257499381611e-05,0.00015907569759866132,-0.00022488827259247742,9.326312260484521e-05,0.00015907569759866132,False
SEND_LAT_REGISTER,TRANS_WEEK_OHEWI_Friday,Continuous geographic,One-Hot encoding with ignore,SEND_LAT_REGISTER,TRANS_WEEK_OHEWI,Ordinary cross-feature relationship,False,0.0007014921358187112,Very weak or negligible,0.0008009464840896154,Very weak or negligible,0.0007014921358187112,0.0008009464840896154,-9.945434827090421e-05,9.945434827090421e-05,0.0008009464840896154,False
SEND_LAT_REGISTER,TRANS_WEEK_OHEWI_Monday,Continuous geographic,One-Hot encoding with ignore,SEND_LAT_REGISTER,TRANS_WEEK_OHEWI,Ordinary cross-feature relationship,False,-0.001093937381678893,Very weak or negligible,-0.0012910567079122528,Very weak or negligible,0.001093937381678893,0.0012910567079122528,0.0001971193262333597,0.0001971193262333597,0.0012910567079122528,False
SEND_LAT_REGISTER,TRANS_WEEK_OHEWI_Saturday,Continuous geographic,One-Hot encoding with ignore,SEND_LAT_REGISTER,TRANS_WEEK_OHEWI,Ordinary cross-feature relationship,False,0.00039893660933953414,Very weak or negligible,0.0007599638815945081,Very weak or negligible,0.00039893660933953414,0.0007599638815945081,-0.000361027272254974,0.000361027272254974,0.0007599638815945081,False
SEND_LAT_REGISTER,TRANS_WEEK_OHEWI_Sunday,Continuous geographic,One-Hot encoding with ignore,SEND_LAT_REGISTER,TRANS_WEEK_OHEWI,Ordinary cross-feature relationship,False,-0.00013035021869554634,Very weak or negligible,-0.00044058738573991434,Very weak or negligible,0.00013035021869554634,0.00044058738573991434,0.000310237167044368,0.000310237167044368,0.00044058738573991434,False
SEND_LAT_REGISTER,TRANS_WEEK_OHEWI_Thursday,Continuous geographic,One-Hot encoding with ignore,SEND_LAT_REGISTER,TRANS_WEEK_OHEWI,Ordinary cross-feature relationship,False,-0.0004568438808406284,Very weak or negligible,-0.0002633371192528666,Very weak or negligible,0.0004568438808406284,0.0002633371192528666,-0.00019350676158776185,0.00019350676158776185,0.0004568438808406284,False
SEND_LAT_REGISTER,TRANS_WEEK_OHEWI_Tuesday,Continuous geographic,One-Hot encoding with ignore,SEND_LAT_REGISTER,TRANS_WEEK_OHEWI,Ordinary cross-feature relationship,False,-1.1870843590184542e-05,Very weak or negligible,-0.00010921690091095175,Very weak or negligible,1.1870843590184542e-05,0.00010921690091095175,9.73460573207672e-05,9.73460573207672e-05,0.00010921690091095175,False
SEND_LAT_REGISTER,TRANS_WEEK_OHEWI_Wednesday,Continuous geographic,One-Hot encoding with ignore,SEND_LAT_REGISTER,TRANS_WEEK_OHEWI,Ordinary cross-feature relationship,False,0.0009089067296789873,Very weak or negligible,0.0009586718416141033,Very weak or negligible,0.0009089067296789873,0.0009586718416141033,-4.9765111935116024e-05,4.9765111935116024e-05,0.0009586718416141033,False
SEND_LAT_REGISTER,RECEIVE_CATEGORY_OHEWI_entertainment,Continuous geographic,One-Hot encoding with ignore,SEND_LAT_REGISTER,RECEIVE_CATEGORY_OHEWI,Ordinary cross-feature relationship,False,0.0030868687531097313,Very weak or negligible,0.003323322452139602,Very weak or negligible,0.0030868687531097313,0.003323322452139602,-0.00023645369902987063,0.00023645369902987063,0.003323322452139602,False
SEND_LAT_REGISTER,RECEIVE_CATEGORY_OHEWI_food_dining,Continuous geographic,One-Hot encoding with ignore,SEND_LAT_REGISTER,RECEIVE_CATEGORY_OHEWI,Ordinary cross-feature relationship,False,-0.0026500916116967204,Very weak or negligible,-0.001956116117780212,Very weak or negligible,0.0026500916116967204,0.001956116117780212,-0.0006939754939165083,0.0006939754939165083,0.0026500916116967204,False
SEND_LAT_REGISTER,RECEIVE_CATEGORY_OHEWI_gas_transport,Continuous geographic,One-Hot encoding with ignore,SEND_LAT_REGISTER,RECEIVE_CATEGORY_OHEWI,Ordinary cross-feature relationship,False,0.016507750776324902,Very weak or negligible,0.014707963852022507,Very weak or negligible,0.016507750776324902,0.014707963852022507,0.0017997869243023944,0.0017997869243023944,0.016507750776324902,False
SEND_LAT_REGISTER,RECEIVE_CATEGORY_OHEWI_grocery_net,Continuous geographic,One-Hot encoding with ignore,SEND_LAT_REGISTER,RECEIVE_CATEGORY_OHEWI,Ordinary cross-feature relationship,False,-0.013244568683220352,Very weak or negligible,-0.011970442718042172,Very weak or negligible,0.013244568683220352,0.011970442718042172,-0.0012741259651781797,0.0012741259651781797,0.013244568683220352,False
SEND_LAT_REGISTER,RECEIVE_CATEGORY_OHEWI_grocery_pos,Continuous geographic,One-Hot encoding with ignore,SEND_LAT_REGISTER,RECEIVE_CATEGORY_OHEWI,Ordinary cross-feature relationship,False,0.0002570028130899086,Very weak or negligible,0.0006889420882672783,Very weak or negligible,0.0002570028130899086,0.0006889420882672783,-0.00043193927517736966,0.00043193927517736966,0.0006889420882672783,False
SEND_LAT_REGISTER,RECEIVE_CATEGORY_OHEWI_health_fitness,Continuous geographic,One-Hot encoding with ignore,SEND_LAT_REGISTER,RECEIVE_CATEGORY_OHEWI,Ordinary cross-feature relationship,False,0.005056352207758456,Very weak or negligible,0.004623822097760681,Very weak or negligible,0.005056352207758456,0.004623822097760681,0.0004325301099977752,0.0004325301099977752,0.005056352207758456,False
SEND_LAT_REGISTER,RECEIVE_CATEGORY_OHEWI_home,Continuous geographic,One-Hot encoding with ignore,SEND_LAT_REGISTER,RECEIVE_CATEGORY_OHEWI,Ordinary cross-feature relationship,False,-0.002201953106919237,Very weak or negligible,-0.0018696546154147275,Very weak or negligible,0.002201953106919237,0.0018696546154147275,-0.00033229849150450937,0.00033229849150450937,0.002201953106919237,False
SEND_LAT_REGISTER,RECEIVE_CATEGORY_OHEWI_kids_pets,Continuous geographic,One-Hot encoding with ignore,SEND_LAT_REGISTER,RECEIVE_CATEGORY_OHEWI,Ordinary cross-feature relationship,False,-0.0015014151626599535,Very weak or negligible,-0.0014060964340171305,Very weak or negligible,0.0015014151626599535,0.0014060964340171305,-9.5318728642823e-05,9.5318728642823e-05,0.0015014151626599535,False
SEND_LAT_REGISTER,RECEIVE_CATEGORY_OHEWI_misc_net,Continuous geographic,One-Hot encoding with ignore,SEND_LAT_REGISTER,RECEIVE_CATEGORY_OHEWI,Ordinary cross-feature relationship,False,0.004510655607865361,Very weak or negligible,0.0034159479708362217,Very weak or negligible,0.004510655607865361,0.0034159479708362217,0.0010947076370291394,0.0010947076370291394,0.004510655607865361,False
SEND_LAT_REGISTER,RECEIVE_CATEGORY_OHEWI_misc_pos,Continuous geographic,One-Hot encoding with ignore,SEND_LAT_REGISTER,RECEIVE_CATEGORY_OHEWI,Ordinary cross-feature relationship,False,-0.0031174768224175482,Very weak or negligible,-0.0019199073647990868,Very weak or negligible,0.0031174768224175482,0.0019199073647990868,-0.0011975694576184615,0.0011975694576184615,0.0031174768224175482,False
SEND_LAT_REGISTER,RECEIVE_CATEGORY_OHEWI_personal_care,Continuous geographic,One-Hot encoding with ignore,SEND_LAT_REGISTER,RECEIVE_CATEGORY_OHEWI,Ordinary cross-feature relationship,False,-0.0023280497688311285,Very weak or negligible,-0.0029685791417972873,Very weak or negligible,0.0023280497688311285,0.0029685791417972873,0.0006405293729661587,0.0006405293729661587,0.0029685791417972873,False
SEND_LAT_REGISTER,RECEIVE_CATEGORY_OHEWI_shopping_net,Continuous geographic,One-Hot encoding with ignore,SEND_LAT_REGISTER,RECEIVE_CATEGORY_OHEWI,Ordinary cross-feature relationship,False,-0.0005497450087574442,Very weak or negligible,-0.0009825605974726045,Very weak or negligible,0.0005497450087574442,0.0009825605974726045,0.0004328155887151603,0.0004328155887151603,0.0009825605974726045,False
SEND_LAT_REGISTER,RECEIVE_CATEGORY_OHEWI_shopping_pos,Continuous geographic,One-Hot encoding with ignore,SEND_LAT_REGISTER,RECEIVE_CATEGORY_OHEWI,Ordinary cross-feature relationship,False,-0.009956738921223417,Very weak or negligible,-0.009295998997860364,Very weak or negligible,0.009956738921223417,0.009295998997860364,-0.0006607399233630531,0.0006607399233630531,0.009956738921223417,False
SEND_LAT_REGISTER,RECEIVE_CATEGORY_OHEWI_travel,Continuous geographic,One-Hot encoding with ignore,SEND_LAT_REGISTER,RECEIVE_CATEGORY_OHEWI,Ordinary cross-feature relationship,False,0.002463456239728283,Very weak or negligible,0.0022556230745140494,Very weak or negligible,0.002463456239728283,0.0022556230745140494,0.0002078331652142335,0.0002078331652142335,0.002463456239728283,False
SEND_LONG_REGISTER,RECEIVE_LAT,Continuous geographic,Continuous geographic,SEND_LONG_REGISTER,RECEIVE_LAT,Ordinary cross-feature relationship,False,-0.01458508464704742,Very weak or negligible,0.10528017049066607,Weak,0.01458508464704742,0.10528017049066607,-0.11986525513771348,0.09069508584361866,0.10528017049066607,False
SEND_LONG_REGISTER,RECEIVE_LONG,Continuous geographic,Continuous geographic,SEND_LONG_REGISTER,RECEIVE_LONG,Ordinary cross-feature relationship,False,0.9991183248003588,Very strong,0.9984132094678332,Very strong,0.9991183248003588,0.9984132094678332,0.0007051153325255965,0.0007051153325255965,0.9991183248003588,True
SEND_LONG_REGISTER,SEND_GENDER_BE,Continuous geographic,Binary encoding,SEND_LONG_REGISTER,SEND_GENDER_BE,Ordinary cross-feature relationship,False,0.0506526201108698,Very weak or negligible,0.05951152156587387,Very weak or negligible,0.0506526201108698,0.05951152156587387,-0.008858901455004072,0.008858901455004072,0.05951152156587387,False
SEND_LONG_REGISTER,TRANS_YEAR_BE,Continuous geographic,Binary encoding,SEND_LONG_REGISTER,TRANS_YEAR_BE,Ordinary cross-feature relationship,False,1.2096929550930006e-05,Very weak or negligible,-0.0005999737837724646,Very weak or negligible,1.2096929550930006e-05,0.0005999737837724646,0.0006120707133233946,0.0005878768542215346,0.0005999737837724646,False
SEND_LONG_REGISTER,TRANS_NUM_CARD_FEWF,Continuous geographic,Frequency encoding with fallback,SEND_LONG_REGISTER,TRANS_NUM_CARD_FEWF,Ordinary cross-feature relationship,False,-0.01634996080230455,Very weak or negligible,-0.00990397425362817,Very weak or negligible,0.01634996080230455,0.00990397425362817,-0.006445986548676379,0.006445986548676379,0.01634996080230455,False
SEND_LONG_REGISTER,SEND_NAME_FEWF,Continuous geographic,Frequency encoding with fallback,SEND_LONG_REGISTER,SEND_NAME_FEWF,Ordinary cross-feature relationship,False,-0.023937006530299985,Very weak or negligible,-0.013185779267523352,Very weak or negligible,0.023937006530299985,0.013185779267523352,-0.010751227262776632,0.010751227262776632,0.023937006530299985,False
SEND_LONG_REGISTER,SEND_JOB_FEWF,Continuous geographic,Frequency encoding with fallback,SEND_LONG_REGISTER,SEND_JOB_FEWF,Ordinary cross-feature relationship,False,0.025718805644336235,Very weak or negligible,0.020821565105367437,Very weak or negligible,0.025718805644336235,0.020821565105367437,0.004897240538968797,0.004897240538968797,0.025718805644336235,False
SEND_LONG_REGISTER,RECEIVE_LOC_FEWF,Continuous geographic,Frequency encoding with fallback,SEND_LONG_REGISTER,RECEIVE_LOC_FEWF,Ordinary cross-feature relationship,False,-0.0020518768041872444,Very weak or negligible,-0.00228254430509804,Very weak or negligible,0.0020518768041872444,0.00228254430509804,0.00023066750091079585,0.00023066750091079585,0.00228254430509804,False
SEND_LONG_REGISTER,TRANS_MONTH_SIN,Continuous geographic,Cyclical sine/cosine,SEND_LONG_REGISTER,TRANS_MONTH_SIN,Ordinary cross-feature relationship,False,0.0006401157234407125,Very weak or negligible,0.0007430302918488136,Very weak or negligible,0.0006401157234407125,0.0007430302918488136,-0.00010291456840810103,0.00010291456840810103,0.0007430302918488136,False
SEND_LONG_REGISTER,TRANS_MONTH_COS,Continuous geographic,Cyclical sine/cosine,SEND_LONG_REGISTER,TRANS_MONTH_COS,Ordinary cross-feature relationship,False,-0.0007129992105107234,Very weak or negligible,-0.0009263598859938426,Very weak or negligible,0.0007129992105107234,0.0009263598859938426,0.0002133606754831192,0.0002133606754831192,0.0009263598859938426,False
SEND_LONG_REGISTER,TRANS_HOUR_SIN,Continuous geographic,Cyclical sine/cosine,SEND_LONG_REGISTER,TRANS_HOUR_SIN,Ordinary cross-feature relationship,False,0.002773093749535436,Very weak or negligible,0.006761328400851641,Very weak or negligible,0.002773093749535436,0.006761328400851641,-0.003988234651316206,0.003988234651316206,0.006761328400851641,False
SEND_LONG_REGISTER,TRANS_HOUR_COS,Continuous geographic,Cyclical sine/cosine,SEND_LONG_REGISTER,TRANS_HOUR_COS,Ordinary cross-feature relationship,False,0.0010635465230843532,Very weak or negligible,0.0015127633829218792,Very weak or negligible,0.0010635465230843532,0.0015127633829218792,-0.00044921685983752594,0.00044921685983752594,0.0015127633829218792,False
SEND_LONG_REGISTER,TRANS_WEEK_OHEWI_Friday,Continuous geographic,One-Hot encoding with ignore,SEND_LONG_REGISTER,TRANS_WEEK_OHEWI,Ordinary cross-feature relationship,False,-0.0005743869835208835,Very weak or negligible,-0.00047405507332419207,Very weak or negligible,0.0005743869835208835,0.00047405507332419207,-0.00010033191019669145,0.00010033191019669145,0.0005743869835208835,False
SEND_LONG_REGISTER,TRANS_WEEK_OHEWI_Monday,Continuous geographic,One-Hot encoding with ignore,SEND_LONG_REGISTER,TRANS_WEEK_OHEWI,Ordinary cross-feature relationship,False,0.0005641308374374183,Very weak or negligible,0.000670094793294364,Very weak or negligible,0.0005641308374374183,0.000670094793294364,-0.00010596395585694572,0.00010596395585694572,0.000670094793294364,False
SEND_LONG_REGISTER,TRANS_WEEK_OHEWI_Saturday,Continuous geographic,One-Hot encoding with ignore,SEND_LONG_REGISTER,TRANS_WEEK_OHEWI,Ordinary cross-feature relationship,False,0.0009523663855518666,Very weak or negligible,0.0010187520807747594,Very weak or negligible,0.0009523663855518666,0.0010187520807747594,-6.638569522289279e-05,6.638569522289279e-05,0.0010187520807747594,False
SEND_LONG_REGISTER,TRANS_WEEK_OHEWI_Sunday,Continuous geographic,One-Hot encoding with ignore,SEND_LONG_REGISTER,TRANS_WEEK_OHEWI,Ordinary cross-feature relationship,False,0.0012023852763645066,Very weak or negligible,0.001026372873360118,Very weak or negligible,0.0012023852763645066,0.001026372873360118,0.00017601240300438867,0.00017601240300438867,0.0012023852763645066,False
SEND_LONG_REGISTER,TRANS_WEEK_OHEWI_Thursday,Continuous geographic,One-Hot encoding with ignore,SEND_LONG_REGISTER,TRANS_WEEK_OHEWI,Ordinary cross-feature relationship,False,-0.0004488403111025188,Very weak or negligible,-0.0008520735468518152,Very weak or negligible,0.0004488403111025188,0.0008520735468518152,0.0004032332357492964,0.0004032332357492964,0.0008520735468518152,False
SEND_LONG_REGISTER,TRANS_WEEK_OHEWI_Tuesday,Continuous geographic,One-Hot encoding with ignore,SEND_LONG_REGISTER,TRANS_WEEK_OHEWI,Ordinary cross-feature relationship,False,-0.0018026371406400143,Very weak or negligible,-0.0014437712655120392,Very weak or negligible,0.0018026371406400143,0.0014437712655120392,-0.0003588658751279752,0.0003588658751279752,0.0018026371406400143,False
SEND_LONG_REGISTER,TRANS_WEEK_OHEWI_Wednesday,Continuous geographic,One-Hot encoding with ignore,SEND_LONG_REGISTER,TRANS_WEEK_OHEWI,Ordinary cross-feature relationship,False,-0.00021260340213886112,Very weak or negligible,-0.0003094620907410787,Very weak or negligible,0.00021260340213886112,0.0003094620907410787,9.685868860221758e-05,9.685868860221758e-05,0.0003094620907410787,False
SEND_LONG_REGISTER,RECEIVE_CATEGORY_OHEWI_entertainment,Continuous geographic,One-Hot encoding with ignore,SEND_LONG_REGISTER,RECEIVE_CATEGORY_OHEWI,Ordinary cross-feature relationship,False,-0.00010956475025592711,Very weak or negligible,0.00018734085468419828,Very weak or negligible,0.00010956475025592711,0.00018734085468419828,-0.0002969056049401254,7.777610442827117e-05,0.00018734085468419828,False
SEND_LONG_REGISTER,RECEIVE_CATEGORY_OHEWI_food_dining,Continuous geographic,One-Hot encoding with ignore,SEND_LONG_REGISTER,RECEIVE_CATEGORY_OHEWI,Ordinary cross-feature relationship,False,0.0041149791850100936,Very weak or negligible,0.004073331884906307,Very weak or negligible,0.0041149791850100936,0.004073331884906307,4.164730010378613e-05,4.164730010378613e-05,0.0041149791850100936,False
SEND_LONG_REGISTER,RECEIVE_CATEGORY_OHEWI_gas_transport,Continuous geographic,One-Hot encoding with ignore,SEND_LONG_REGISTER,RECEIVE_CATEGORY_OHEWI,Ordinary cross-feature relationship,False,-0.0023121102652748434,Very weak or negligible,-0.003311231811432962,Very weak or negligible,0.0023121102652748434,0.003311231811432962,0.0009991215461581187,0.0009991215461581187,0.003311231811432962,False
SEND_LONG_REGISTER,RECEIVE_CATEGORY_OHEWI_grocery_net,Continuous geographic,One-Hot encoding with ignore,SEND_LONG_REGISTER,RECEIVE_CATEGORY_OHEWI,Ordinary cross-feature relationship,False,0.003740113708636916,Very weak or negligible,0.002780789673418114,Very weak or negligible,0.003740113708636916,0.002780789673418114,0.000959324035218802,0.000959324035218802,0.003740113708636916,False
SEND_LONG_REGISTER,RECEIVE_CATEGORY_OHEWI_grocery_pos,Continuous geographic,One-Hot encoding with ignore,SEND_LONG_REGISTER,RECEIVE_CATEGORY_OHEWI,Ordinary cross-feature relationship,False,0.00012181492661513793,Very weak or negligible,0.0005929515766488081,Very weak or negligible,0.00012181492661513793,0.0005929515766488081,-0.00047113665003367016,0.00047113665003367016,0.0005929515766488081,False
SEND_LONG_REGISTER,RECEIVE_CATEGORY_OHEWI_health_fitness,Continuous geographic,One-Hot encoding with ignore,SEND_LONG_REGISTER,RECEIVE_CATEGORY_OHEWI,Ordinary cross-feature relationship,False,-0.002243144440376574,Very weak or negligible,-0.00270976051125194,Very weak or negligible,0.002243144440376574,0.00270976051125194,0.0004666160708753659,0.0004666160708753659,0.00270976051125194,False
SEND_LONG_REGISTER,RECEIVE_CATEGORY_OHEWI_home,Continuous geographic,One-Hot encoding with ignore,SEND_LONG_REGISTER,RECEIVE_CATEGORY_OHEWI,Ordinary cross-feature relationship,False,0.00038329371112622024,Very weak or negligible,0.0005546157018027271,Very weak or negligible,0.00038329371112622024,0.0005546157018027271,-0.00017132199067650686,0.00017132199067650686,0.0005546157018027271,False
SEND_LONG_REGISTER,RECEIVE_CATEGORY_OHEWI_kids_pets,Continuous geographic,One-Hot encoding with ignore,SEND_LONG_REGISTER,RECEIVE_CATEGORY_OHEWI,Ordinary cross-feature relationship,False,-0.0003521099462937058,Very weak or negligible,0.00026281509398222696,Very weak or negligible,0.0003521099462937058,0.00026281509398222696,-0.0006149250402759328,8.929485231147884e-05,0.0003521099462937058,False
SEND_LONG_REGISTER,RECEIVE_CATEGORY_OHEWI_misc_net,Continuous geographic,One-Hot encoding with ignore,SEND_LONG_REGISTER,RECEIVE_CATEGORY_OHEWI,Ordinary cross-feature relationship,False,-0.0035336624175993318,Very weak or negligible,-0.003533440549393089,Very weak or negligible,0.0035336624175993318,0.003533440549393089,-2.218682062429117e-07,2.218682062429117e-07,0.0035336624175993318,False
SEND_LONG_REGISTER,RECEIVE_CATEGORY_OHEWI_misc_pos,Continuous geographic,One-Hot encoding with ignore,SEND_LONG_REGISTER,RECEIVE_CATEGORY_OHEWI,Ordinary cross-feature relationship,False,0.005837721260191914,Very weak or negligible,0.0055718341038839755,Very weak or negligible,0.005837721260191914,0.0055718341038839755,0.0002658871563079382,0.0002658871563079382,0.005837721260191914,False
SEND_LONG_REGISTER,RECEIVE_CATEGORY_OHEWI_personal_care,Continuous geographic,One-Hot encoding with ignore,SEND_LONG_REGISTER,RECEIVE_CATEGORY_OHEWI,Ordinary cross-feature relationship,False,-0.0019253841891291004,Very weak or negligible,-0.0013853942507870154,Very weak or negligible,0.0019253841891291004,0.0013853942507870154,-0.0005399899383420851,0.0005399899383420851,0.0019253841891291004,False
SEND_LONG_REGISTER,RECEIVE_CATEGORY_OHEWI_shopping_net,Continuous geographic,One-Hot encoding with ignore,SEND_LONG_REGISTER,RECEIVE_CATEGORY_OHEWI,Ordinary cross-feature relationship,False,-0.005097265371296125,Very weak or negligible,-0.00539443861794911,Very weak or negligible,0.005097265371296125,0.00539443861794911,0.0002971732466529849,0.0002971732466529849,0.00539443861794911,False
SEND_LONG_REGISTER,RECEIVE_CATEGORY_OHEWI_shopping_pos,Continuous geographic,One-Hot encoding with ignore,SEND_LONG_REGISTER,RECEIVE_CATEGORY_OHEWI,Ordinary cross-feature relationship,False,0.0011874471900168325,Very weak or negligible,0.0015890991758607908,Very weak or negligible,0.0011874471900168325,0.0015890991758607908,-0.0004016519858439584,0.0004016519858439584,0.0015890991758607908,False
SEND_LONG_REGISTER,RECEIVE_CATEGORY_OHEWI_travel,Continuous geographic,One-Hot encoding with ignore,SEND_LONG_REGISTER,RECEIVE_CATEGORY_OHEWI,Ordinary cross-feature relationship,False,0.0020044741488114866,Very weak or negligible,0.0023219149923283107,Very weak or negligible,0.0020044741488114866,0.0023219149923283107,-0.0003174408435168241,0.0003174408435168241,0.0023219149923283107,False
RECEIVE_LAT,RECEIVE_LONG,Continuous geographic,Continuous geographic,RECEIVE_LAT,RECEIVE_LONG,Ordinary cross-feature relationship,False,-0.014553835471142564,Very weak or negligible,0.10402758144968877,Weak,0.014553835471142564,0.10402758144968877,-0.11858141692083132,0.08947374597854621,0.10402758144968877,False
RECEIVE_LAT,SEND_GENDER_BE,Continuous geographic,Binary encoding,RECEIVE_LAT,SEND_GENDER_BE,Ordinary cross-feature relationship,False,0.04262146211216627,Very weak or negligible,0.04969103541513192,Very weak or negligible,0.04262146211216627,0.04969103541513192,-0.007069573302965655,0.007069573302965655,0.04969103541513192,False
RECEIVE_LAT,TRANS_YEAR_BE,Continuous geographic,Binary encoding,RECEIVE_LAT,TRANS_YEAR_BE,Ordinary cross-feature relationship,False,0.0011084085561154878,Very weak or negligible,0.0011946618614102412,Very weak or negligible,0.0011084085561154878,0.0011946618614102412,-8.625330529475335e-05,8.625330529475335e-05,0.0011946618614102412,False
RECEIVE_LAT,TRANS_NUM_CARD_FEWF,Continuous geographic,Frequency encoding with fallback,RECEIVE_LAT,TRANS_NUM_CARD_FEWF,Ordinary cross-feature relationship,False,-0.02156947124133221,Very weak or negligible,-0.013339625665517435,Very weak or negligible,0.02156947124133221,0.013339625665517435,-0.008229845575814776,0.008229845575814776,0.02156947124133221,False
RECEIVE_LAT,SEND_NAME_FEWF,Continuous geographic,Frequency encoding with fallback,RECEIVE_LAT,SEND_NAME_FEWF,Ordinary cross-feature relationship,False,-0.006469762229880053,Very weak or negligible,-0.0035307576414336135,Very weak or negligible,0.006469762229880053,0.0035307576414336135,-0.0029390045884464394,0.0029390045884464394,0.006469762229880053,False
RECEIVE_LAT,SEND_JOB_FEWF,Continuous geographic,Frequency encoding with fallback,RECEIVE_LAT,SEND_JOB_FEWF,Ordinary cross-feature relationship,False,-0.06686066640770752,Very weak or negligible,-0.061599814643842184,Very weak or negligible,0.06686066640770752,0.061599814643842184,-0.005260851763865336,0.005260851763865336,0.06686066640770752,False
RECEIVE_LAT,RECEIVE_LOC_FEWF,Continuous geographic,Frequency encoding with fallback,RECEIVE_LAT,RECEIVE_LOC_FEWF,Ordinary cross-feature relationship,False,0.0060866249865909345,Very weak or negligible,0.006545802002046515,Very weak or negligible,0.0060866249865909345,0.006545802002046515,-0.00045917701545558024,0.00045917701545558024,0.006545802002046515,False
RECEIVE_LAT,TRANS_MONTH_SIN,Continuous geographic,Cyclical sine/cosine,RECEIVE_LAT,TRANS_MONTH_SIN,Ordinary cross-feature relationship,False,0.0004767641869028619,Very weak or negligible,0.0002517406520905614,Very weak or negligible,0.0004767641869028619,0.0002517406520905614,0.0002250235348123005,0.0002250235348123005,0.0004767641869028619,False
RECEIVE_LAT,TRANS_MONTH_COS,Continuous geographic,Cyclical sine/cosine,RECEIVE_LAT,TRANS_MONTH_COS,Ordinary cross-feature relationship,False,-0.00010383443038049244,Very weak or negligible,-0.0003283830685052599,Very weak or negligible,0.00010383443038049244,0.0003283830685052599,0.00022454863812476747,0.00022454863812476747,0.0003283830685052599,False
RECEIVE_LAT,TRANS_HOUR_SIN,Continuous geographic,Cyclical sine/cosine,RECEIVE_LAT,TRANS_HOUR_SIN,Ordinary cross-feature relationship,False,0.012017955484554551,Very weak or negligible,0.011239172602124491,Very weak or negligible,0.012017955484554551,0.011239172602124491,0.00077878288243006,0.00077878288243006,0.012017955484554551,False
RECEIVE_LAT,TRANS_HOUR_COS,Continuous geographic,Cyclical sine/cosine,RECEIVE_LAT,TRANS_HOUR_COS,Ordinary cross-feature relationship,False,-5.477665852578901e-05,Very weak or negligible,0.0002471742721102345,Very weak or negligible,5.477665852578901e-05,0.0002471742721102345,-0.0003019509306360235,0.00019239761358444548,0.0002471742721102345,False
RECEIVE_LAT,TRANS_WEEK_OHEWI_Friday,Continuous geographic,One-Hot encoding with ignore,RECEIVE_LAT,TRANS_WEEK_OHEWI,Ordinary cross-feature relationship,False,0.0007173988689738499,Very weak or negligible,0.000768090334485974,Very weak or negligible,0.0007173988689738499,0.000768090334485974,-5.0691465512124135e-05,5.0691465512124135e-05,0.000768090334485974,False
RECEIVE_LAT,TRANS_WEEK_OHEWI_Monday,Continuous geographic,One-Hot encoding with ignore,RECEIVE_LAT,TRANS_WEEK_OHEWI,Ordinary cross-feature relationship,False,-0.000983013336884602,Very weak or negligible,-0.001145256843067644,Very weak or negligible,0.000983013336884602,0.001145256843067644,0.00016224350618304195,0.00016224350618304195,0.001145256843067644,False
RECEIVE_LAT,TRANS_WEEK_OHEWI_Saturday,Continuous geographic,One-Hot encoding with ignore,RECEIVE_LAT,TRANS_WEEK_OHEWI,Ordinary cross-feature relationship,False,0.00012125480269357048,Very weak or negligible,0.00047846406075871913,Very weak or negligible,0.00012125480269357048,0.00047846406075871913,-0.00035720925806514867,0.00035720925806514867,0.00047846406075871913,False
RECEIVE_LAT,TRANS_WEEK_OHEWI_Sunday,Continuous geographic,One-Hot encoding with ignore,RECEIVE_LAT,TRANS_WEEK_OHEWI,Ordinary cross-feature relationship,False,-2.5387893061221545e-05,Very weak or negligible,-0.00030879929211787173,Very weak or negligible,2.5387893061221545e-05,0.00030879929211787173,0.0002834113990566502,0.0002834113990566502,0.00030879929211787173,False
RECEIVE_LAT,TRANS_WEEK_OHEWI_Thursday,Continuous geographic,One-Hot encoding with ignore,RECEIVE_LAT,TRANS_WEEK_OHEWI,Ordinary cross-feature relationship,False,-0.000673957980771405,Very weak or negligible,-0.00048244525490303295,Very weak or negligible,0.000673957980771405,0.00048244525490303295,-0.0001915127258683721,0.0001915127258683721,0.000673957980771405,False
RECEIVE_LAT,TRANS_WEEK_OHEWI_Tuesday,Continuous geographic,One-Hot encoding with ignore,RECEIVE_LAT,TRANS_WEEK_OHEWI,Ordinary cross-feature relationship,False,3.1009953838261265e-05,Very weak or negligible,-5.8467248773129735e-05,Very weak or negligible,3.1009953838261265e-05,5.8467248773129735e-05,8.9477202611391e-05,2.745729493486847e-05,5.8467248773129735e-05,False
RECEIVE_LAT,TRANS_WEEK_OHEWI_Wednesday,Continuous geographic,One-Hot encoding with ignore,RECEIVE_LAT,TRANS_WEEK_OHEWI,Ordinary cross-feature relationship,False,0.0011094154883138925,Very weak or negligible,0.001127215436659468,Very weak or negligible,0.0011094154883138925,0.001127215436659468,-1.7799948345575446e-05,1.7799948345575446e-05,0.001127215436659468,False
RECEIVE_LAT,RECEIVE_CATEGORY_OHEWI_entertainment,Continuous geographic,One-Hot encoding with ignore,RECEIVE_LAT,RECEIVE_CATEGORY_OHEWI,Ordinary cross-feature relationship,False,0.00302371244968234,Very weak or negligible,0.003241060557199206,Very weak or negligible,0.00302371244968234,0.003241060557199206,-0.0002173481075168661,0.0002173481075168661,0.003241060557199206,False
RECEIVE_LAT,RECEIVE_CATEGORY_OHEWI_food_dining,Continuous geographic,One-Hot encoding with ignore,RECEIVE_LAT,RECEIVE_CATEGORY_OHEWI,Ordinary cross-feature relationship,False,-0.002621906661493978,Very weak or negligible,-0.0019142309184623655,Very weak or negligible,0.002621906661493978,0.0019142309184623655,-0.0007076757430316124,0.0007076757430316124,0.002621906661493978,False
RECEIVE_LAT,RECEIVE_CATEGORY_OHEWI_gas_transport,Continuous geographic,One-Hot encoding with ignore,RECEIVE_LAT,RECEIVE_CATEGORY_OHEWI,Ordinary cross-feature relationship,False,0.01636635675462657,Very weak or negligible,0.01461495680739098,Very weak or negligible,0.01636635675462657,0.01461495680739098,0.001751399947235591,0.001751399947235591,0.01636635675462657,False
RECEIVE_LAT,RECEIVE_CATEGORY_OHEWI_grocery_net,Continuous geographic,One-Hot encoding with ignore,RECEIVE_LAT,RECEIVE_CATEGORY_OHEWI,Ordinary cross-feature relationship,False,-0.013194240327234348,Very weak or negligible,-0.01194116191732606,Very weak or negligible,0.013194240327234348,0.01194116191732606,-0.001253078409908289,0.001253078409908289,0.013194240327234348,False
RECEIVE_LAT,RECEIVE_CATEGORY_OHEWI_grocery_pos,Continuous geographic,One-Hot encoding with ignore,RECEIVE_LAT,RECEIVE_CATEGORY_OHEWI,Ordinary cross-feature relationship,False,0.0002722830613266532,Very weak or negligible,0.0007404687906909997,Very weak or negligible,0.0002722830613266532,0.0007404687906909997,-0.00046818572936434657,0.00046818572936434657,0.0007404687906909997,False
RECEIVE_LAT,RECEIVE_CATEGORY_OHEWI_health_fitness,Continuous geographic,One-Hot encoding with ignore,RECEIVE_LAT,RECEIVE_CATEGORY_OHEWI,Ordinary cross-feature relationship,False,0.005068273881086755,Very weak or negligible,0.004596845907307727,Very weak or negligible,0.005068273881086755,0.004596845907307727,0.00047142797377902786,0.00047142797377902786,0.005068273881086755,False
RECEIVE_LAT,RECEIVE_CATEGORY_OHEWI_home,Continuous geographic,One-Hot encoding with ignore,RECEIVE_LAT,RECEIVE_CATEGORY_OHEWI,Ordinary cross-feature relationship,False,-0.0022450424173985563,Very weak or negligible,-0.0018717626087447815,Very weak or negligible,0.0022450424173985563,0.0018717626087447815,-0.0003732798086537748,0.0003732798086537748,0.0022450424173985563,False
RECEIVE_LAT,RECEIVE_CATEGORY_OHEWI_kids_pets,Continuous geographic,One-Hot encoding with ignore,RECEIVE_LAT,RECEIVE_CATEGORY_OHEWI,Ordinary cross-feature relationship,False,-0.0013685865293710843,Very weak or negligible,-0.0012773385708729048,Very weak or negligible,0.0013685865293710843,0.0012773385708729048,-9.124795849817951e-05,9.124795849817951e-05,0.0013685865293710843,False
RECEIVE_LAT,RECEIVE_CATEGORY_OHEWI_misc_net,Continuous geographic,One-Hot encoding with ignore,RECEIVE_LAT,RECEIVE_CATEGORY_OHEWI,Ordinary cross-feature relationship,False,0.0043581837463081705,Very weak or negligible,0.003328000794418105,Very weak or negligible,0.0043581837463081705,0.003328000794418105,0.0010301829518900656,0.0010301829518900656,0.0043581837463081705,False
RECEIVE_LAT,RECEIVE_CATEGORY_OHEWI_misc_pos,Continuous geographic,One-Hot encoding with ignore,RECEIVE_LAT,RECEIVE_CATEGORY_OHEWI,Ordinary cross-feature relationship,False,-0.0031095582860115796,Very weak or negligible,-0.0019813481194628298,Very weak or negligible,0.0031095582860115796,0.0019813481194628298,-0.0011282101665487498,0.0011282101665487498,0.0031095582860115796,False
RECEIVE_LAT,RECEIVE_CATEGORY_OHEWI_personal_care,Continuous geographic,One-Hot encoding with ignore,RECEIVE_LAT,RECEIVE_CATEGORY_OHEWI,Ordinary cross-feature relationship,False,-0.0023568499563869703,Very weak or negligible,-0.0029824391011922485,Very weak or negligible,0.0023568499563869703,0.0029824391011922485,0.0006255891448052782,0.0006255891448052782,0.0029824391011922485,False
RECEIVE_LAT,RECEIVE_CATEGORY_OHEWI_shopping_net,Continuous geographic,One-Hot encoding with ignore,RECEIVE_LAT,RECEIVE_CATEGORY_OHEWI,Ordinary cross-feature relationship,False,-0.0005028532079823764,Very weak or negligible,-0.0008378178596124358,Very weak or negligible,0.0005028532079823764,0.0008378178596124358,0.00033496465163005947,0.00033496465163005947,0.0008378178596124358,False
RECEIVE_LAT,RECEIVE_CATEGORY_OHEWI_shopping_pos,Continuous geographic,One-Hot encoding with ignore,RECEIVE_LAT,RECEIVE_CATEGORY_OHEWI,Ordinary cross-feature relationship,False,-0.00984979649282216,Very weak or negligible,-0.009337105765624722,Very weak or negligible,0.00984979649282216,0.009337105765624722,-0.0005126907271974391,0.0005126907271974391,0.00984979649282216,False
RECEIVE_LAT,RECEIVE_CATEGORY_OHEWI_travel,Continuous geographic,One-Hot encoding with ignore,RECEIVE_LAT,RECEIVE_CATEGORY_OHEWI,Ordinary cross-feature relationship,False,0.002496030672535991,Very weak or negligible,0.0022558123249502484,Very weak or negligible,0.002496030672535991,0.0022558123249502484,0.00024021834758574268,0.00024021834758574268,0.002496030672535991,False
RECEIVE_LONG,SEND_GENDER_BE,Continuous geographic,Binary encoding,RECEIVE_LONG,SEND_GENDER_BE,Ordinary cross-feature relationship,False,0.050605706878499246,Very weak or negligible,0.0592179992487292,Very weak or negligible,0.050605706878499246,0.0592179992487292,-0.008612292370229951,0.008612292370229951,0.0592179992487292,False
RECEIVE_LONG,TRANS_YEAR_BE,Continuous geographic,Binary encoding,RECEIVE_LONG,TRANS_YEAR_BE,Ordinary cross-feature relationship,False,9.844473875036863e-06,Very weak or negligible,-0.0005965728333827442,Very weak or negligible,9.844473875036863e-06,0.0005965728333827442,0.000606417307257781,0.0005867283595077074,0.0005965728333827442,False
RECEIVE_LONG,TRANS_NUM_CARD_FEWF,Continuous geographic,Frequency encoding with fallback,RECEIVE_LONG,TRANS_NUM_CARD_FEWF,Ordinary cross-feature relationship,False,-0.016359261282064688,Very weak or negligible,-0.009183564043560018,Very weak or negligible,0.016359261282064688,0.009183564043560018,-0.007175697238504669,0.007175697238504669,0.016359261282064688,False
RECEIVE_LONG,SEND_NAME_FEWF,Continuous geographic,Frequency encoding with fallback,RECEIVE_LONG,SEND_NAME_FEWF,Ordinary cross-feature relationship,False,-0.023940080084430704,Very weak or negligible,-0.012546479916625528,Very weak or negligible,0.023940080084430704,0.012546479916625528,-0.011393600167805176,0.011393600167805176,0.023940080084430704,False
RECEIVE_LONG,SEND_JOB_FEWF,Continuous geographic,Frequency encoding with fallback,RECEIVE_LONG,SEND_JOB_FEWF,Ordinary cross-feature relationship,False,0.025670849274790835,Very weak or negligible,0.021113586952016407,Very weak or negligible,0.025670849274790835,0.021113586952016407,0.004557262322774428,0.004557262322774428,0.025670849274790835,False
RECEIVE_LONG,RECEIVE_LOC_FEWF,Continuous geographic,Frequency encoding with fallback,RECEIVE_LONG,RECEIVE_LOC_FEWF,Ordinary cross-feature relationship,False,-0.002032998810118578,Very weak or negligible,-0.002246869355506772,Very weak or negligible,0.002032998810118578,0.002246869355506772,0.00021387054538819393,0.00021387054538819393,0.002246869355506772,False
RECEIVE_LONG,TRANS_MONTH_SIN,Continuous geographic,Cyclical sine/cosine,RECEIVE_LONG,TRANS_MONTH_SIN,Ordinary cross-feature relationship,False,0.0006426200782821931,Very weak or negligible,0.0007519680579672241,Very weak or negligible,0.0006426200782821931,0.0007519680579672241,-0.000109347979685031,0.000109347979685031,0.0007519680579672241,False
RECEIVE_LONG,TRANS_MONTH_COS,Continuous geographic,Cyclical sine/cosine,RECEIVE_LONG,TRANS_MONTH_COS,Ordinary cross-feature relationship,False,-0.0006954685738137981,Very weak or negligible,-0.0008993294811848907,Very weak or negligible,0.0006954685738137981,0.0008993294811848907,0.00020386090737109259,0.00020386090737109259,0.0008993294811848907,False
RECEIVE_LONG,TRANS_HOUR_SIN,Continuous geographic,Cyclical sine/cosine,RECEIVE_LONG,TRANS_HOUR_SIN,Ordinary cross-feature relationship,False,0.0027927259349077244,Very weak or negligible,0.006748846971420307,Very weak or negligible,0.0027927259349077244,0.006748846971420307,-0.003956121036512583,0.003956121036512583,0.006748846971420307,False
RECEIVE_LONG,TRANS_HOUR_COS,Continuous geographic,Cyclical sine/cosine,RECEIVE_LONG,TRANS_HOUR_COS,Ordinary cross-feature relationship,False,0.001063969800718044,Very weak or negligible,0.0015171157005993557,Very weak or negligible,0.001063969800718044,0.0015171157005993557,-0.0004531458998813117,0.0004531458998813117,0.0015171157005993557,False
RECEIVE_LONG,TRANS_WEEK_OHEWI_Friday,Continuous geographic,One-Hot encoding with ignore,RECEIVE_LONG,TRANS_WEEK_OHEWI,Ordinary cross-feature relationship,False,-0.0005654612085588793,Very weak or negligible,-0.00047243684226531664,Very weak or negligible,0.0005654612085588793,0.00047243684226531664,-9.302436629356268e-05,9.302436629356268e-05,0.0005654612085588793,False
RECEIVE_LONG,TRANS_WEEK_OHEWI_Monday,Continuous geographic,One-Hot encoding with ignore,RECEIVE_LONG,TRANS_WEEK_OHEWI,Ordinary cross-feature relationship,False,0.0005547946276721895,Very weak or negligible,0.0006427916018569324,Very weak or negligible,0.0005547946276721895,0.0006427916018569324,-8.799697418474298e-05,8.799697418474298e-05,0.0006427916018569324,False
RECEIVE_LONG,TRANS_WEEK_OHEWI_Saturday,Continuous geographic,One-Hot encoding with ignore,RECEIVE_LONG,TRANS_WEEK_OHEWI,Ordinary cross-feature relationship,False,0.0009574117898803373,Very weak or negligible,0.0010246644539066306,Very weak or negligible,0.0009574117898803373,0.0010246644539066306,-6.725266402629333e-05,6.725266402629333e-05,0.0010246644539066306,False
RECEIVE_LONG,TRANS_WEEK_OHEWI_Sunday,Continuous geographic,One-Hot encoding with ignore,RECEIVE_LONG,TRANS_WEEK_OHEWI,Ordinary cross-feature relationship,False,0.0011495697202364484,Very weak or negligible,0.0009666020342490011,Very weak or negligible,0.0011495697202364484,0.0009666020342490011,0.00018296768598744732,0.00018296768598744732,0.0011495697202364484,False
RECEIVE_LONG,TRANS_WEEK_OHEWI_Thursday,Continuous geographic,One-Hot encoding with ignore,RECEIVE_LONG,TRANS_WEEK_OHEWI,Ordinary cross-feature relationship,False,-0.00043528076724660535,Very weak or negligible,-0.0008396005737745218,Very weak or negligible,0.00043528076724660535,0.0008396005737745218,0.0004043198065279165,0.0004043198065279165,0.0008396005737745218,False
RECEIVE_LONG,TRANS_WEEK_OHEWI_Tuesday,Continuous geographic,One-Hot encoding with ignore,RECEIVE_LONG,TRANS_WEEK_OHEWI,Ordinary cross-feature relationship,False,-0.0017493392689152073,Very weak or negligible,-0.0013677155210583074,Very weak or negligible,0.0017493392689152073,0.0013677155210583074,-0.0003816237478568999,0.0003816237478568999,0.0017493392689152073,False
RECEIVE_LONG,TRANS_WEEK_OHEWI_Wednesday,Continuous geographic,One-Hot encoding with ignore,RECEIVE_LONG,TRANS_WEEK_OHEWI,Ordinary cross-feature relationship,False,-0.00022412683932239194,Very weak or negligible,-0.00030684500730432493,Very weak or negligible,0.00022412683932239194,0.00030684500730432493,8.271816798193299e-05,8.271816798193299e-05,0.00030684500730432493,False
RECEIVE_LONG,RECEIVE_CATEGORY_OHEWI_entertainment,Continuous geographic,One-Hot encoding with ignore,RECEIVE_LONG,RECEIVE_CATEGORY_OHEWI,Ordinary cross-feature relationship,False,-0.0001031798839599948,Very weak or negligible,0.00017064504883409042,Very weak or negligible,0.0001031798839599948,0.00017064504883409042,-0.00027382493279408523,6.746516487409562e-05,0.00017064504883409042,False
RECEIVE_LONG,RECEIVE_CATEGORY_OHEWI_food_dining,Continuous geographic,One-Hot encoding with ignore,RECEIVE_LONG,RECEIVE_CATEGORY_OHEWI,Ordinary cross-feature relationship,False,0.004104584884210829,Very weak or negligible,0.004057634948310188,Very weak or negligible,0.004104584884210829,0.004057634948310188,4.694993590064096e-05,4.694993590064096e-05,0.004104584884210829,False
RECEIVE_LONG,RECEIVE_CATEGORY_OHEWI_gas_transport,Continuous geographic,One-Hot encoding with ignore,RECEIVE_LONG,RECEIVE_CATEGORY_OHEWI,Ordinary cross-feature relationship,False,-0.00232973822216878,Very weak or negligible,-0.0033136375684084205,Very weak or negligible,0.00232973822216878,0.0033136375684084205,0.0009838993462396406,0.0009838993462396406,0.0033136375684084205,False
RECEIVE_LONG,RECEIVE_CATEGORY_OHEWI_grocery_net,Continuous geographic,One-Hot encoding with ignore,RECEIVE_LONG,RECEIVE_CATEGORY_OHEWI,Ordinary cross-feature relationship,False,0.0037052259181605722,Very weak or negligible,0.0027394377372033317,Very weak or negligible,0.0037052259181605722,0.0027394377372033317,0.0009657881809572405,0.0009657881809572405,0.0037052259181605722,False
RECEIVE_LONG,RECEIVE_CATEGORY_OHEWI_grocery_pos,Continuous geographic,One-Hot encoding with ignore,RECEIVE_LONG,RECEIVE_CATEGORY_OHEWI,Ordinary cross-feature relationship,False,0.0001515912034301806,Very weak or negligible,0.0006241711563396711,Very weak or negligible,0.0001515912034301806,0.0006241711563396711,-0.0004725799529094905,0.0004725799529094905,0.0006241711563396711,False
RECEIVE_LONG,RECEIVE_CATEGORY_OHEWI_health_fitness,Continuous geographic,One-Hot encoding with ignore,RECEIVE_LONG,RECEIVE_CATEGORY_OHEWI,Ordinary cross-feature relationship,False,-0.002233255937870428,Very weak or negligible,-0.002724870445433477,Very weak or negligible,0.002233255937870428,0.002724870445433477,0.0004916145075630489,0.0004916145075630489,0.002724870445433477,False
RECEIVE_LONG,RECEIVE_CATEGORY_OHEWI_home,Continuous geographic,One-Hot encoding with ignore,RECEIVE_LONG,RECEIVE_CATEGORY_OHEWI,Ordinary cross-feature relationship,False,0.00037047762924508255,Very weak or negligible,0.0005709785709710867,Very weak or negligible,0.00037047762924508255,0.0005709785709710867,-0.00020050094172600414,0.00020050094172600414,0.0005709785709710867,False
RECEIVE_LONG,RECEIVE_CATEGORY_OHEWI_kids_pets,Continuous geographic,One-Hot encoding with ignore,RECEIVE_LONG,RECEIVE_CATEGORY_OHEWI,Ordinary cross-feature relationship,False,-0.00034028273332986907,Very weak or negligible,0.0002648496719165626,Very weak or negligible,0.00034028273332986907,0.0002648496719165626,-0.0006051324052464317,7.543306141330648e-05,0.00034028273332986907,False
RECEIVE_LONG,RECEIVE_CATEGORY_OHEWI_misc_net,Continuous geographic,One-Hot encoding with ignore,RECEIVE_LONG,RECEIVE_CATEGORY_OHEWI,Ordinary cross-feature relationship,False,-0.00352327992969955,Very weak or negligible,-0.0034850242808372577,Very weak or negligible,0.00352327992969955,0.0034850242808372577,-3.825564886229208e-05,3.825564886229208e-05,0.00352327992969955,False
RECEIVE_LONG,RECEIVE_CATEGORY_OHEWI_misc_pos,Continuous geographic,One-Hot encoding with ignore,RECEIVE_LONG,RECEIVE_CATEGORY_OHEWI,Ordinary cross-feature relationship,False,0.00586924306708076,Very weak or negligible,0.005586883910202274,Very weak or negligible,0.00586924306708076,0.005586883910202274,0.00028235915687848615,0.00028235915687848615,0.00586924306708076,False
RECEIVE_LONG,RECEIVE_CATEGORY_OHEWI_personal_care,Continuous geographic,One-Hot encoding with ignore,RECEIVE_LONG,RECEIVE_CATEGORY_OHEWI,Ordinary cross-feature relationship,False,-0.001954416518956091,Very weak or negligible,-0.001394964866898832,Very weak or negligible,0.001954416518956091,0.001394964866898832,-0.0005594516520572588,0.0005594516520572588,0.001954416518956091,False
RECEIVE_LONG,RECEIVE_CATEGORY_OHEWI_shopping_net,Continuous geographic,One-Hot encoding with ignore,RECEIVE_LONG,RECEIVE_CATEGORY_OHEWI,Ordinary cross-feature relationship,False,-0.005045600418757476,Very weak or negligible,-0.00533276239209672,Very weak or negligible,0.005045600418757476,0.00533276239209672,0.00028716197333924446,0.00028716197333924446,0.00533276239209672,False
RECEIVE_LONG,RECEIVE_CATEGORY_OHEWI_shopping_pos,Continuous geographic,One-Hot encoding with ignore,RECEIVE_LONG,RECEIVE_CATEGORY_OHEWI,Ordinary cross-feature relationship,False,0.001137389346726486,Very weak or negligible,0.0015242549122618059,Very weak or negligible,0.001137389346726486,0.0015242549122618059,-0.00038686556553531987,0.00038686556553531987,0.0015242549122618059,False
RECEIVE_LONG,RECEIVE_CATEGORY_OHEWI_travel,Continuous geographic,One-Hot encoding with ignore,RECEIVE_LONG,RECEIVE_CATEGORY_OHEWI,Ordinary cross-feature relationship,False,0.002005920758025596,Very weak or negligible,0.0023021841681594153,Very weak or negligible,0.002005920758025596,0.0023021841681594153,-0.00029626341013381944,0.00029626341013381944,0.0023021841681594153,False
SEND_GENDER_BE,TRANS_YEAR_BE,Binary encoding,Binary encoding,SEND_GENDER_BE,TRANS_YEAR_BE,Ordinary cross-feature relationship,False,-0.001127189363856832,Very weak or negligible,-0.001127189363856832,Very weak or negligible,0.001127189363856832,0.001127189363856832,0.0,0.0,0.001127189363856832,False
SEND_GENDER_BE,TRANS_NUM_CARD_FEWF,Binary encoding,Frequency encoding with fallback,SEND_GENDER_BE,TRANS_NUM_CARD_FEWF,Ordinary cross-feature relationship,False,-0.2165846450526505,Weak,-0.20553204239990824,Weak,0.2165846450526505,0.20553204239990824,-0.011052602652742244,0.011052602652742244,0.2165846450526505,False
SEND_GENDER_BE,SEND_NAME_FEWF,Binary encoding,Frequency encoding with fallback,SEND_GENDER_BE,SEND_NAME_FEWF,Ordinary cross-feature relationship,False,-0.18825495899538247,Weak,-0.1920677237437248,Weak,0.18825495899538247,0.1920677237437248,0.003812764748342329,0.003812764748342329,0.1920677237437248,False
SEND_GENDER_BE,SEND_JOB_FEWF,Binary encoding,Frequency encoding with fallback,SEND_GENDER_BE,SEND_JOB_FEWF,Ordinary cross-feature relationship,False,-0.09690230825004016,Very weak or negligible,-0.09665363275122481,Very weak or negligible,0.09690230825004016,0.09665363275122481,-0.0002486754988153539,0.0002486754988153539,0.09690230825004016,False
SEND_GENDER_BE,RECEIVE_LOC_FEWF,Binary encoding,Frequency encoding with fallback,SEND_GENDER_BE,RECEIVE_LOC_FEWF,Ordinary cross-feature relationship,False,-0.004624188467377321,Very weak or negligible,-0.0019741728133565953,Very weak or negligible,0.004624188467377321,0.0019741728133565953,-0.002650015654020726,0.002650015654020726,0.004624188467377321,False
SEND_GENDER_BE,TRANS_MONTH_SIN,Binary encoding,Cyclical sine/cosine,SEND_GENDER_BE,TRANS_MONTH_SIN,Ordinary cross-feature relationship,False,0.0008507594629707757,Very weak or negligible,0.0010382298814043385,Very weak or negligible,0.0008507594629707757,0.0010382298814043385,-0.00018747041843356277,0.00018747041843356277,0.0010382298814043385,False
SEND_GENDER_BE,TRANS_MONTH_COS,Binary encoding,Cyclical sine/cosine,SEND_GENDER_BE,TRANS_MONTH_COS,Ordinary cross-feature relationship,False,-0.000613686266584432,Very weak or negligible,-0.00043818862486496755,Very weak or negligible,0.000613686266584432,0.00043818862486496755,-0.0001754976417194645,0.0001754976417194645,0.000613686266584432,False
SEND_GENDER_BE,TRANS_HOUR_SIN,Binary encoding,Cyclical sine/cosine,SEND_GENDER_BE,TRANS_HOUR_SIN,Ordinary cross-feature relationship,False,0.04040702936064881,Very weak or negligible,0.03826862284490837,Very weak or negligible,0.04040702936064881,0.03826862284490837,0.002138406515740446,0.002138406515740446,0.04040702936064881,False
SEND_GENDER_BE,TRANS_HOUR_COS,Binary encoding,Cyclical sine/cosine,SEND_GENDER_BE,TRANS_HOUR_COS,Ordinary cross-feature relationship,False,0.0005712046944152171,Very weak or negligible,0.0006044027247369294,Very weak or negligible,0.0005712046944152171,0.0006044027247369294,-3.319803032171228e-05,3.319803032171228e-05,0.0006044027247369294,False
SEND_GENDER_BE,TRANS_WEEK_OHEWI_Friday,Binary encoding,One-Hot encoding with ignore,SEND_GENDER_BE,TRANS_WEEK_OHEWI,Ordinary cross-feature relationship,False,0.0026192694290862128,Very weak or negligible,0.0026192694290862128,Very weak or negligible,0.0026192694290862128,0.0026192694290862128,0.0,0.0,0.0026192694290862128,False
SEND_GENDER_BE,TRANS_WEEK_OHEWI_Monday,Binary encoding,One-Hot encoding with ignore,SEND_GENDER_BE,TRANS_WEEK_OHEWI,Ordinary cross-feature relationship,False,-0.0031632946633378565,Very weak or negligible,-0.0031632946633378565,Very weak or negligible,0.0031632946633378565,0.0031632946633378565,0.0,0.0,0.0031632946633378565,False
SEND_GENDER_BE,TRANS_WEEK_OHEWI_Saturday,Binary encoding,One-Hot encoding with ignore,SEND_GENDER_BE,TRANS_WEEK_OHEWI,Ordinary cross-feature relationship,False,-0.00011548221731600455,Very weak or negligible,-0.00011548221731600455,Very weak or negligible,0.00011548221731600455,0.00011548221731600455,0.0,0.0,0.00011548221731600455,False
SEND_GENDER_BE,TRANS_WEEK_OHEWI_Sunday,Binary encoding,One-Hot encoding with ignore,SEND_GENDER_BE,TRANS_WEEK_OHEWI,Ordinary cross-feature relationship,False,-0.003924044010667171,Very weak or negligible,-0.003924044010667171,Very weak or negligible,0.003924044010667171,0.003924044010667171,0.0,0.0,0.003924044010667171,False
SEND_GENDER_BE,TRANS_WEEK_OHEWI_Thursday,Binary encoding,One-Hot encoding with ignore,SEND_GENDER_BE,TRANS_WEEK_OHEWI,Ordinary cross-feature relationship,False,0.004841638185923736,Very weak or negligible,0.004841638185923736,Very weak or negligible,0.004841638185923736,0.004841638185923736,0.0,0.0,0.004841638185923736,False
SEND_GENDER_BE,TRANS_WEEK_OHEWI_Tuesday,Binary encoding,One-Hot encoding with ignore,SEND_GENDER_BE,TRANS_WEEK_OHEWI,Ordinary cross-feature relationship,False,-0.0013107611919307232,Very weak or negligible,-0.0013107611919307232,Very weak or negligible,0.0013107611919307232,0.0013107611919307232,0.0,0.0,0.0013107611919307232,False
SEND_GENDER_BE,TRANS_WEEK_OHEWI_Wednesday,Binary encoding,One-Hot encoding with ignore,SEND_GENDER_BE,TRANS_WEEK_OHEWI,Ordinary cross-feature relationship,False,0.003105842471917921,Very weak or negligible,0.003105842471917921,Very weak or negligible,0.003105842471917921,0.003105842471917921,0.0,0.0,0.003105842471917921,False
SEND_GENDER_BE,RECEIVE_CATEGORY_OHEWI_entertainment,Binary encoding,One-Hot encoding with ignore,SEND_GENDER_BE,RECEIVE_CATEGORY_OHEWI,Ordinary cross-feature relationship,False,0.0197314680784488,Very weak or negligible,0.0197314680784488,Very weak or negligible,0.0197314680784488,0.0197314680784488,0.0,0.0,0.0197314680784488,False
SEND_GENDER_BE,RECEIVE_CATEGORY_OHEWI_food_dining,Binary encoding,One-Hot encoding with ignore,SEND_GENDER_BE,RECEIVE_CATEGORY_OHEWI,Ordinary cross-feature relationship,False,0.010074797557583072,Very weak or negligible,0.010074797557583072,Very weak or negligible,0.010074797557583072,0.010074797557583072,0.0,0.0,0.010074797557583072,False
SEND_GENDER_BE,RECEIVE_CATEGORY_OHEWI_gas_transport,Binary encoding,One-Hot encoding with ignore,SEND_GENDER_BE,RECEIVE_CATEGORY_OHEWI,Ordinary cross-feature relationship,False,-0.003436961367483646,Very weak or negligible,-0.003436961367483646,Very weak or negligible,0.003436961367483646,0.003436961367483646,0.0,0.0,0.003436961367483646,False
SEND_GENDER_BE,RECEIVE_CATEGORY_OHEWI_grocery_net,Binary encoding,One-Hot encoding with ignore,SEND_GENDER_BE,RECEIVE_CATEGORY_OHEWI,Ordinary cross-feature relationship,False,-0.003926827839997805,Very weak or negligible,-0.003926827839997805,Very weak or negligible,0.003926827839997805,0.003926827839997805,0.0,0.0,0.003926827839997805,False
SEND_GENDER_BE,RECEIVE_CATEGORY_OHEWI_grocery_pos,Binary encoding,One-Hot encoding with ignore,SEND_GENDER_BE,RECEIVE_CATEGORY_OHEWI,Ordinary cross-feature relationship,False,0.012123558205275378,Very weak or negligible,0.012123558205275378,Very weak or negligible,0.012123558205275378,0.012123558205275378,0.0,0.0,0.012123558205275378,False
SEND_GENDER_BE,RECEIVE_CATEGORY_OHEWI_health_fitness,Binary encoding,One-Hot encoding with ignore,SEND_GENDER_BE,RECEIVE_CATEGORY_OHEWI,Ordinary cross-feature relationship,False,0.010748042922048093,Very weak or negligible,0.010748042922048093,Very weak or negligible,0.010748042922048093,0.010748042922048093,0.0,0.0,0.010748042922048093,False
SEND_GENDER_BE,RECEIVE_CATEGORY_OHEWI_home,Binary encoding,One-Hot encoding with ignore,SEND_GENDER_BE,RECEIVE_CATEGORY_OHEWI,Ordinary cross-feature relationship,False,0.012011144924887024,Very weak or negligible,0.012011144924887024,Very weak or negligible,0.012011144924887024,0.012011144924887024,0.0,0.0,0.012011144924887024,False
SEND_GENDER_BE,RECEIVE_CATEGORY_OHEWI_kids_pets,Binary encoding,One-Hot encoding with ignore,SEND_GENDER_BE,RECEIVE_CATEGORY_OHEWI,Ordinary cross-feature relationship,False,-0.005245999715523845,Very weak or negligible,-0.005245999715523845,Very weak or negligible,0.005245999715523845,0.005245999715523845,0.0,0.0,0.005245999715523845,False
SEND_GENDER_BE,RECEIVE_CATEGORY_OHEWI_misc_net,Binary encoding,One-Hot encoding with ignore,SEND_GENDER_BE,RECEIVE_CATEGORY_OHEWI,Ordinary cross-feature relationship,False,-0.007095778875169614,Very weak or negligible,-0.007095778875169614,Very weak or negligible,0.007095778875169614,0.007095778875169614,0.0,0.0,0.007095778875169614,False
SEND_GENDER_BE,RECEIVE_CATEGORY_OHEWI_misc_pos,Binary encoding,One-Hot encoding with ignore,SEND_GENDER_BE,RECEIVE_CATEGORY_OHEWI,Ordinary cross-feature relationship,False,0.008261189287816485,Very weak or negligible,0.008261189287816485,Very weak or negligible,0.008261189287816485,0.008261189287816485,0.0,0.0,0.008261189287816485,False
SEND_GENDER_BE,RECEIVE_CATEGORY_OHEWI_personal_care,Binary encoding,One-Hot encoding with ignore,SEND_GENDER_BE,RECEIVE_CATEGORY_OHEWI,Ordinary cross-feature relationship,False,-0.03415307698444335,Very weak or negligible,-0.03415307698444335,Very weak or negligible,0.03415307698444335,0.03415307698444335,0.0,0.0,0.03415307698444335,False
SEND_GENDER_BE,RECEIVE_CATEGORY_OHEWI_shopping_net,Binary encoding,One-Hot encoding with ignore,SEND_GENDER_BE,RECEIVE_CATEGORY_OHEWI,Ordinary cross-feature relationship,False,-0.011531332836458722,Very weak or negligible,-0.011531332836458722,Very weak or negligible,0.011531332836458722,0.011531332836458722,0.0,0.0,0.011531332836458722,False
SEND_GENDER_BE,RECEIVE_CATEGORY_OHEWI_shopping_pos,Binary encoding,One-Hot encoding with ignore,SEND_GENDER_BE,RECEIVE_CATEGORY_OHEWI,Ordinary cross-feature relationship,False,-0.021102004926277562,Very weak or negligible,-0.021102004926277562,Very weak or negligible,0.021102004926277562,0.021102004926277562,0.0,0.0,0.021102004926277562,False
SEND_GENDER_BE,RECEIVE_CATEGORY_OHEWI_travel,Binary encoding,One-Hot encoding with ignore,SEND_GENDER_BE,RECEIVE_CATEGORY_OHEWI,Ordinary cross-feature relationship,False,0.018083723834729424,Very weak or negligible,0.018083723834729424,Very weak or negligible,0.018083723834729424,0.018083723834729424,0.0,0.0,0.018083723834729424,False
TRANS_YEAR_BE,TRANS_NUM_CARD_FEWF,Binary encoding,Frequency encoding with fallback,TRANS_YEAR_BE,TRANS_NUM_CARD_FEWF,Ordinary cross-feature relationship,False,0.0009448556291611803,Very weak or negligible,0.0008786440838198952,Very weak or negligible,0.0009448556291611803,0.0008786440838198952,6.621154534128509e-05,6.621154534128509e-05,0.0009448556291611803,False
TRANS_YEAR_BE,SEND_NAME_FEWF,Binary encoding,Frequency encoding with fallback,TRANS_YEAR_BE,SEND_NAME_FEWF,Ordinary cross-feature relationship,False,0.0012783827255193733,Very weak or negligible,0.0011264686931100596,Very weak or negligible,0.0012783827255193733,0.0011264686931100596,0.00015191403240931369,0.00015191403240931369,0.0012783827255193733,False
TRANS_YEAR_BE,SEND_JOB_FEWF,Binary encoding,Frequency encoding with fallback,TRANS_YEAR_BE,SEND_JOB_FEWF,Ordinary cross-feature relationship,False,0.00048790410698188434,Very weak or negligible,0.000799392212509794,Very weak or negligible,0.00048790410698188434,0.000799392212509794,-0.0003114881055279096,0.0003114881055279096,0.000799392212509794,False
TRANS_YEAR_BE,RECEIVE_LOC_FEWF,Binary encoding,Frequency encoding with fallback,TRANS_YEAR_BE,RECEIVE_LOC_FEWF,Ordinary cross-feature relationship,False,-0.0003411998414162446,Very weak or negligible,-0.000535934052753996,Very weak or negligible,0.0003411998414162446,0.000535934052753996,0.0001947342113377514,0.0001947342113377514,0.000535934052753996,False
TRANS_YEAR_BE,TRANS_MONTH_SIN,Binary encoding,Cyclical sine/cosine,TRANS_YEAR_BE,TRANS_MONTH_SIN,Ordinary cross-feature relationship,False,0.0004092800918461605,Very weak or negligible,-2.4889229841322256e-05,Very weak or negligible,0.0004092800918461605,2.4889229841322256e-05,0.00043416932168748273,0.00038439086200483825,0.0004092800918461605,False
TRANS_YEAR_BE,TRANS_MONTH_COS,Binary encoding,Cyclical sine/cosine,TRANS_YEAR_BE,TRANS_MONTH_COS,Ordinary cross-feature relationship,False,-0.0027144534403221393,Very weak or negligible,-0.002885823398471678,Very weak or negligible,0.0027144534403221393,0.002885823398471678,0.00017136995814953865,0.00017136995814953865,0.002885823398471678,False
TRANS_YEAR_BE,TRANS_HOUR_SIN,Binary encoding,Cyclical sine/cosine,TRANS_YEAR_BE,TRANS_HOUR_SIN,Ordinary cross-feature relationship,False,0.00031969152916405544,Very weak or negligible,0.00047289485714084736,Very weak or negligible,0.00031969152916405544,0.00047289485714084736,-0.00015320332797679191,0.00015320332797679191,0.00047289485714084736,False
TRANS_YEAR_BE,TRANS_HOUR_COS,Binary encoding,Cyclical sine/cosine,TRANS_YEAR_BE,TRANS_HOUR_COS,Ordinary cross-feature relationship,False,-0.0009922860596284766,Very weak or negligible,-0.0008700271346614391,Very weak or negligible,0.0009922860596284766,0.0008700271346614391,-0.00012225892496703751,0.00012225892496703751,0.0009922860596284766,False
TRANS_YEAR_BE,TRANS_WEEK_OHEWI_Friday,Binary encoding,One-Hot encoding with ignore,TRANS_YEAR_BE,TRANS_WEEK_OHEWI,Ordinary cross-feature relationship,False,-0.0015685211970311586,Very weak or negligible,-0.0015685211970311586,Very weak or negligible,0.0015685211970311586,0.0015685211970311586,0.0,0.0,0.0015685211970311586,False
TRANS_YEAR_BE,TRANS_WEEK_OHEWI_Monday,Binary encoding,One-Hot encoding with ignore,TRANS_YEAR_BE,TRANS_WEEK_OHEWI,Ordinary cross-feature relationship,False,0.01066896676828126,Very weak or negligible,0.01066896676828126,Very weak or negligible,0.01066896676828126,0.01066896676828126,0.0,0.0,0.01066896676828126,False
TRANS_YEAR_BE,TRANS_WEEK_OHEWI_Saturday,Binary encoding,One-Hot encoding with ignore,TRANS_YEAR_BE,TRANS_WEEK_OHEWI,Ordinary cross-feature relationship,False,-0.06639122670039171,Very weak or negligible,-0.06639122670039171,Very weak or negligible,0.06639122670039171,0.06639122670039171,0.0,0.0,0.06639122670039171,False
TRANS_YEAR_BE,TRANS_WEEK_OHEWI_Sunday,Binary encoding,One-Hot encoding with ignore,TRANS_YEAR_BE,TRANS_WEEK_OHEWI,Ordinary cross-feature relationship,False,-0.03513073891554534,Very weak or negligible,-0.03513073891554534,Very weak or negligible,0.03513073891554534,0.03513073891554534,0.0,0.0,0.03513073891554534,False
TRANS_YEAR_BE,TRANS_WEEK_OHEWI_Thursday,Binary encoding,One-Hot encoding with ignore,TRANS_YEAR_BE,TRANS_WEEK_OHEWI,Ordinary cross-feature relationship,False,-0.010913452834186927,Very weak or negligible,-0.010913452834186927,Very weak or negligible,0.010913452834186927,0.010913452834186927,0.0,0.0,0.010913452834186927,False
TRANS_YEAR_BE,TRANS_WEEK_OHEWI_Tuesday,Binary encoding,One-Hot encoding with ignore,TRANS_YEAR_BE,TRANS_WEEK_OHEWI,Ordinary cross-feature relationship,False,0.11109313443878846,Weak,0.11109313443878846,Weak,0.11109313443878846,0.11109313443878846,0.0,0.0,0.11109313443878846,False
TRANS_YEAR_BE,TRANS_WEEK_OHEWI_Wednesday,Binary encoding,One-Hot encoding with ignore,TRANS_YEAR_BE,TRANS_WEEK_OHEWI,Ordinary cross-feature relationship,False,-0.009055906203566588,Very weak or negligible,-0.009055906203566588,Very weak or negligible,0.009055906203566588,0.009055906203566588,0.0,0.0,0.009055906203566588,False
TRANS_YEAR_BE,RECEIVE_CATEGORY_OHEWI_entertainment,Binary encoding,One-Hot encoding with ignore,TRANS_YEAR_BE,RECEIVE_CATEGORY_OHEWI,Ordinary cross-feature relationship,False,-0.0005646296978674251,Very weak or negligible,-0.0005646296978674251,Very weak or negligible,0.0005646296978674251,0.0005646296978674251,0.0,0.0,0.0005646296978674251,False
TRANS_YEAR_BE,RECEIVE_CATEGORY_OHEWI_food_dining,Binary encoding,One-Hot encoding with ignore,TRANS_YEAR_BE,RECEIVE_CATEGORY_OHEWI,Ordinary cross-feature relationship,False,-0.0008075680650914658,Very weak or negligible,-0.0008075680650914658,Very weak or negligible,0.0008075680650914658,0.0008075680650914658,0.0,0.0,0.0008075680650914658,False
TRANS_YEAR_BE,RECEIVE_CATEGORY_OHEWI_gas_transport,Binary encoding,One-Hot encoding with ignore,TRANS_YEAR_BE,RECEIVE_CATEGORY_OHEWI,Ordinary cross-feature relationship,False,6.71108288845634e-05,Very weak or negligible,6.71108288845634e-05,Very weak or negligible,6.71108288845634e-05,6.71108288845634e-05,0.0,0.0,6.71108288845634e-05,False
TRANS_YEAR_BE,RECEIVE_CATEGORY_OHEWI_grocery_net,Binary encoding,One-Hot encoding with ignore,TRANS_YEAR_BE,RECEIVE_CATEGORY_OHEWI,Ordinary cross-feature relationship,False,0.0004218124611032035,Very weak or negligible,0.0004218124611032035,Very weak or negligible,0.0004218124611032035,0.0004218124611032035,0.0,0.0,0.0004218124611032035,False
TRANS_YEAR_BE,RECEIVE_CATEGORY_OHEWI_grocery_pos,Binary encoding,One-Hot encoding with ignore,TRANS_YEAR_BE,RECEIVE_CATEGORY_OHEWI,Ordinary cross-feature relationship,False,0.0002737346052591429,Very weak or negligible,0.0002737346052591429,Very weak or negligible,0.0002737346052591429,0.0002737346052591429,0.0,0.0,0.0002737346052591429,False
TRANS_YEAR_BE,RECEIVE_CATEGORY_OHEWI_health_fitness,Binary encoding,One-Hot encoding with ignore,TRANS_YEAR_BE,RECEIVE_CATEGORY_OHEWI,Ordinary cross-feature relationship,False,0.00031441618869162323,Very weak or negligible,0.00031441618869162323,Very weak or negligible,0.00031441618869162323,0.00031441618869162323,0.0,0.0,0.00031441618869162323,False
TRANS_YEAR_BE,RECEIVE_CATEGORY_OHEWI_home,Binary encoding,One-Hot encoding with ignore,TRANS_YEAR_BE,RECEIVE_CATEGORY_OHEWI,Ordinary cross-feature relationship,False,-0.0009091941908806491,Very weak or negligible,-0.0009091941908806491,Very weak or negligible,0.0009091941908806491,0.0009091941908806491,0.0,0.0,0.0009091941908806491,False
TRANS_YEAR_BE,RECEIVE_CATEGORY_OHEWI_kids_pets,Binary encoding,One-Hot encoding with ignore,TRANS_YEAR_BE,RECEIVE_CATEGORY_OHEWI,Ordinary cross-feature relationship,False,0.00038973861935366594,Very weak or negligible,0.00038973861935366594,Very weak or negligible,0.00038973861935366594,0.00038973861935366594,0.0,0.0,0.00038973861935366594,False
TRANS_YEAR_BE,RECEIVE_CATEGORY_OHEWI_misc_net,Binary encoding,One-Hot encoding with ignore,TRANS_YEAR_BE,RECEIVE_CATEGORY_OHEWI,Ordinary cross-feature relationship,False,0.0011064054947911243,Very weak or negligible,0.0011064054947911243,Very weak or negligible,0.0011064054947911243,0.0011064054947911243,0.0,0.0,0.0011064054947911243,False
TRANS_YEAR_BE,RECEIVE_CATEGORY_OHEWI_misc_pos,Binary encoding,One-Hot encoding with ignore,TRANS_YEAR_BE,RECEIVE_CATEGORY_OHEWI,Ordinary cross-feature relationship,False,0.0006842038754671619,Very weak or negligible,0.0006842038754671619,Very weak or negligible,0.0006842038754671619,0.0006842038754671619,0.0,0.0,0.0006842038754671619,False
TRANS_YEAR_BE,RECEIVE_CATEGORY_OHEWI_personal_care,Binary encoding,One-Hot encoding with ignore,TRANS_YEAR_BE,RECEIVE_CATEGORY_OHEWI,Ordinary cross-feature relationship,False,0.00010523820128751691,Very weak or negligible,0.00010523820128751691,Very weak or negligible,0.00010523820128751691,0.00010523820128751691,0.0,0.0,0.00010523820128751691,False
TRANS_YEAR_BE,RECEIVE_CATEGORY_OHEWI_shopping_net,Binary encoding,One-Hot encoding with ignore,TRANS_YEAR_BE,RECEIVE_CATEGORY_OHEWI,Ordinary cross-feature relationship,False,2.329251089926435e-05,Very weak or negligible,2.329251089926435e-05,Very weak or negligible,2.329251089926435e-05,2.329251089926435e-05,0.0,0.0,2.329251089926435e-05,False
TRANS_YEAR_BE,RECEIVE_CATEGORY_OHEWI_shopping_pos,Binary encoding,One-Hot encoding with ignore,TRANS_YEAR_BE,RECEIVE_CATEGORY_OHEWI,Ordinary cross-feature relationship,False,-0.0003569412862546192,Very weak or negligible,-0.0003569412862546192,Very weak or negligible,0.0003569412862546192,0.0003569412862546192,0.0,0.0,0.0003569412862546192,False
TRANS_YEAR_BE,RECEIVE_CATEGORY_OHEWI_travel,Binary encoding,One-Hot encoding with ignore,TRANS_YEAR_BE,RECEIVE_CATEGORY_OHEWI,Ordinary cross-feature relationship,False,-0.00046602539596545586,Very weak or negligible,-0.00046602539596545586,Very weak or negligible,0.00046602539596545586,0.00046602539596545586,0.0,0.0,0.00046602539596545586,False
TRANS_NUM_CARD_FEWF,SEND_NAME_FEWF,Frequency encoding with fallback,Frequency encoding with fallback,TRANS_NUM_CARD_FEWF,SEND_NAME_FEWF,Ordinary cross-feature relationship,False,0.9686091514486259,Very strong,0.9858408030805903,Very strong,0.9686091514486259,0.9858408030805903,-0.017231651631964384,0.017231651631964384,0.9858408030805903,True
TRANS_NUM_CARD_FEWF,SEND_JOB_FEWF,Frequency encoding with fallback,Frequency encoding with fallback,TRANS_NUM_CARD_FEWF,SEND_JOB_FEWF,Ordinary cross-feature relationship,False,0.3583866805515503,Moderate,0.36115574636782827,Moderate,0.3583866805515503,0.36115574636782827,-0.002769065816277949,0.002769065816277949,0.36115574636782827,False
TRANS_NUM_CARD_FEWF,RECEIVE_LOC_FEWF,Frequency encoding with fallback,Frequency encoding with fallback,TRANS_NUM_CARD_FEWF,RECEIVE_LOC_FEWF,Ordinary cross-feature relationship,False,-0.020798989600399036,Very weak or negligible,-0.01977355686389074,Very weak or negligible,0.020798989600399036,0.01977355686389074,-0.001025432736508295,0.001025432736508295,0.020798989600399036,False
TRANS_NUM_CARD_FEWF,TRANS_MONTH_SIN,Frequency encoding with fallback,Cyclical sine/cosine,TRANS_NUM_CARD_FEWF,TRANS_MONTH_SIN,Ordinary cross-feature relationship,False,0.000366715952394464,Very weak or negligible,0.00075624217026996,Very weak or negligible,0.000366715952394464,0.00075624217026996,-0.000389526217875496,0.000389526217875496,0.00075624217026996,False
TRANS_NUM_CARD_FEWF,TRANS_MONTH_COS,Frequency encoding with fallback,Cyclical sine/cosine,TRANS_NUM_CARD_FEWF,TRANS_MONTH_COS,Ordinary cross-feature relationship,False,0.0005301589800334141,Very weak or negligible,0.0006328621581789341,Very weak or negligible,0.0005301589800334141,0.0006328621581789341,-0.00010270317814552003,0.00010270317814552003,0.0006328621581789341,False
TRANS_NUM_CARD_FEWF,TRANS_HOUR_SIN,Frequency encoding with fallback,Cyclical sine/cosine,TRANS_NUM_CARD_FEWF,TRANS_HOUR_SIN,Ordinary cross-feature relationship,False,-0.11887083479422202,Weak,-0.1130665955325521,Weak,0.11887083479422202,0.1130665955325521,-0.005804239261669911,0.005804239261669911,0.11887083479422202,False
TRANS_NUM_CARD_FEWF,TRANS_HOUR_COS,Frequency encoding with fallback,Cyclical sine/cosine,TRANS_NUM_CARD_FEWF,TRANS_HOUR_COS,Ordinary cross-feature relationship,False,-0.0054728948469806174,Very weak or negligible,-0.004926783849485822,Very weak or negligible,0.0054728948469806174,0.004926783849485822,-0.0005461109974947958,0.0005461109974947958,0.0054728948469806174,False
TRANS_NUM_CARD_FEWF,TRANS_WEEK_OHEWI_Friday,Frequency encoding with fallback,One-Hot encoding with ignore,TRANS_NUM_CARD_FEWF,TRANS_WEEK_OHEWI,Ordinary cross-feature relationship,False,-0.0015187866652448822,Very weak or negligible,-0.0012609890620507538,Very weak or negligible,0.0015187866652448822,0.0012609890620507538,-0.0002577976031941285,0.0002577976031941285,0.0015187866652448822,False
TRANS_NUM_CARD_FEWF,TRANS_WEEK_OHEWI_Monday,Frequency encoding with fallback,One-Hot encoding with ignore,TRANS_NUM_CARD_FEWF,TRANS_WEEK_OHEWI,Ordinary cross-feature relationship,False,0.0012678644138095837,Very weak or negligible,0.0010192410076613815,Very weak or negligible,0.0012678644138095837,0.0010192410076613815,0.0002486234061482022,0.0002486234061482022,0.0012678644138095837,False
TRANS_NUM_CARD_FEWF,TRANS_WEEK_OHEWI_Saturday,Frequency encoding with fallback,One-Hot encoding with ignore,TRANS_NUM_CARD_FEWF,TRANS_WEEK_OHEWI,Ordinary cross-feature relationship,False,-0.000954557993531904,Very weak or negligible,-0.0007152289729674414,Very weak or negligible,0.000954557993531904,0.0007152289729674414,-0.0002393290205644626,0.0002393290205644626,0.000954557993531904,False
TRANS_NUM_CARD_FEWF,TRANS_WEEK_OHEWI_Sunday,Frequency encoding with fallback,One-Hot encoding with ignore,TRANS_NUM_CARD_FEWF,TRANS_WEEK_OHEWI,Ordinary cross-feature relationship,False,0.0060129429025104816,Very weak or negligible,0.00563976532986977,Very weak or negligible,0.0060129429025104816,0.00563976532986977,0.00037317757264071147,0.00037317757264071147,0.0060129429025104816,False
TRANS_NUM_CARD_FEWF,TRANS_WEEK_OHEWI_Thursday,Frequency encoding with fallback,One-Hot encoding with ignore,TRANS_NUM_CARD_FEWF,TRANS_WEEK_OHEWI,Ordinary cross-feature relationship,False,-0.003060560761181436,Very weak or negligible,-0.002910549505628975,Very weak or negligible,0.003060560761181436,0.002910549505628975,-0.00015001125555246094,0.00015001125555246094,0.003060560761181436,False
TRANS_NUM_CARD_FEWF,TRANS_WEEK_OHEWI_Tuesday,Frequency encoding with fallback,One-Hot encoding with ignore,TRANS_NUM_CARD_FEWF,TRANS_WEEK_OHEWI,Ordinary cross-feature relationship,False,-0.0021634929374189527,Very weak or negligible,-0.0022864129470922924,Very weak or negligible,0.0021634929374189527,0.0022864129470922924,0.0001229200096733397,0.0001229200096733397,0.0022864129470922924,False
TRANS_NUM_CARD_FEWF,TRANS_WEEK_OHEWI_Wednesday,Frequency encoding with fallback,One-Hot encoding with ignore,TRANS_NUM_CARD_FEWF,TRANS_WEEK_OHEWI,Ordinary cross-feature relationship,False,-0.0009919276652757966,Very weak or negligible,-0.0007430727824988974,Very weak or negligible,0.0009919276652757966,0.0007430727824988974,-0.0002488548827768992,0.0002488548827768992,0.0009919276652757966,False
TRANS_NUM_CARD_FEWF,RECEIVE_CATEGORY_OHEWI_entertainment,Frequency encoding with fallback,One-Hot encoding with ignore,TRANS_NUM_CARD_FEWF,RECEIVE_CATEGORY_OHEWI,Ordinary cross-feature relationship,False,-0.007494795686732652,Very weak or negligible,-0.007436013347305708,Very weak or negligible,0.007494795686732652,0.007436013347305708,-5.8782339426944295e-05,5.8782339426944295e-05,0.007494795686732652,False
TRANS_NUM_CARD_FEWF,RECEIVE_CATEGORY_OHEWI_food_dining,Frequency encoding with fallback,One-Hot encoding with ignore,TRANS_NUM_CARD_FEWF,RECEIVE_CATEGORY_OHEWI,Ordinary cross-feature relationship,False,0.001772134019060586,Very weak or negligible,0.001481668772589505,Very weak or negligible,0.001772134019060586,0.001481668772589505,0.0002904652464710811,0.0002904652464710811,0.001772134019060586,False
TRANS_NUM_CARD_FEWF,RECEIVE_CATEGORY_OHEWI_gas_transport,Frequency encoding with fallback,One-Hot encoding with ignore,TRANS_NUM_CARD_FEWF,RECEIVE_CATEGORY_OHEWI,Ordinary cross-feature relationship,False,-0.007889369608615904,Very weak or negligible,-0.006446433875061869,Very weak or negligible,0.007889369608615904,0.006446433875061869,-0.0014429357335540354,0.0014429357335540354,0.007889369608615904,False
TRANS_NUM_CARD_FEWF,RECEIVE_CATEGORY_OHEWI_grocery_net,Frequency encoding with fallback,One-Hot encoding with ignore,TRANS_NUM_CARD_FEWF,RECEIVE_CATEGORY_OHEWI,Ordinary cross-feature relationship,False,0.04177473853472132,Very weak or negligible,0.040596548904995367,Very weak or negligible,0.04177473853472132,0.040596548904995367,0.001178189629725955,0.001178189629725955,0.04177473853472132,False
TRANS_NUM_CARD_FEWF,RECEIVE_CATEGORY_OHEWI_grocery_pos,Frequency encoding with fallback,One-Hot encoding with ignore,TRANS_NUM_CARD_FEWF,RECEIVE_CATEGORY_OHEWI,Ordinary cross-feature relationship,False,-0.015820254028109427,Very weak or negligible,-0.015092247598813995,Very weak or negligible,0.015820254028109427,0.015092247598813995,-0.0007280064292954323,0.0007280064292954323,0.015820254028109427,False
TRANS_NUM_CARD_FEWF,RECEIVE_CATEGORY_OHEWI_health_fitness,Frequency encoding with fallback,One-Hot encoding with ignore,TRANS_NUM_CARD_FEWF,RECEIVE_CATEGORY_OHEWI,Ordinary cross-feature relationship,False,-0.00037458344655310347,Very weak or negligible,0.00016682123714842432,Very weak or negligible,0.00037458344655310347,0.00016682123714842432,-0.0005414046837015278,0.00020776220940467915,0.00037458344655310347,False
TRANS_NUM_CARD_FEWF,RECEIVE_CATEGORY_OHEWI_home,Frequency encoding with fallback,One-Hot encoding with ignore,TRANS_NUM_CARD_FEWF,RECEIVE_CATEGORY_OHEWI,Ordinary cross-feature relationship,False,-0.01119442863497103,Very weak or negligible,-0.010737001852016998,Very weak or negligible,0.01119442863497103,0.010737001852016998,-0.00045742678295403183,0.00045742678295403183,0.01119442863497103,False
TRANS_NUM_CARD_FEWF,RECEIVE_CATEGORY_OHEWI_kids_pets,Frequency encoding with fallback,One-Hot encoding with ignore,TRANS_NUM_CARD_FEWF,RECEIVE_CATEGORY_OHEWI,Ordinary cross-feature relationship,False,-0.01031084701639212,Very weak or negligible,-0.010658615955253551,Very weak or negligible,0.01031084701639212,0.010658615955253551,0.00034776893886143134,0.00034776893886143134,0.010658615955253551,False
TRANS_NUM_CARD_FEWF,RECEIVE_CATEGORY_OHEWI_misc_net,Frequency encoding with fallback,One-Hot encoding with ignore,TRANS_NUM_CARD_FEWF,RECEIVE_CATEGORY_OHEWI,Ordinary cross-feature relationship,False,0.008679672298890292,Very weak or negligible,0.008691397921617697,Very weak or negligible,0.008679672298890292,0.008691397921617697,-1.1725622727404988e-05,1.1725622727404988e-05,0.008691397921617697,False
TRANS_NUM_CARD_FEWF,RECEIVE_CATEGORY_OHEWI_misc_pos,Frequency encoding with fallback,One-Hot encoding with ignore,TRANS_NUM_CARD_FEWF,RECEIVE_CATEGORY_OHEWI,Ordinary cross-feature relationship,False,0.006063898061619159,Very weak or negligible,0.005946426726393252,Very weak or negligible,0.006063898061619159,0.005946426726393252,0.000117471335225907,0.000117471335225907,0.006063898061619159,False
TRANS_NUM_CARD_FEWF,RECEIVE_CATEGORY_OHEWI_personal_care,Frequency encoding with fallback,One-Hot encoding with ignore,TRANS_NUM_CARD_FEWF,RECEIVE_CATEGORY_OHEWI,Ordinary cross-feature relationship,False,0.0022963831409725643,Very weak or negligible,0.0007432365513163068,Very weak or negligible,0.0022963831409725643,0.0007432365513163068,0.0015531465896562575,0.0015531465896562575,0.0022963831409725643,False
TRANS_NUM_CARD_FEWF,RECEIVE_CATEGORY_OHEWI_shopping_net,Frequency encoding with fallback,One-Hot encoding with ignore,TRANS_NUM_CARD_FEWF,RECEIVE_CATEGORY_OHEWI,Ordinary cross-feature relationship,False,0.013245560294273198,Very weak or negligible,0.013690200685857213,Very weak or negligible,0.013245560294273198,0.013690200685857213,-0.00044464039158401483,0.00044464039158401483,0.013690200685857213,False
TRANS_NUM_CARD_FEWF,RECEIVE_CATEGORY_OHEWI_shopping_pos,Frequency encoding with fallback,One-Hot encoding with ignore,TRANS_NUM_CARD_FEWF,RECEIVE_CATEGORY_OHEWI,Ordinary cross-feature relationship,False,0.01077082081190837,Very weak or negligible,0.0096967170951345,Very weak or negligible,0.01077082081190837,0.0096967170951345,0.001074103716773871,0.001074103716773871,0.01077082081190837,False
TRANS_NUM_CARD_FEWF,RECEIVE_CATEGORY_OHEWI_travel,Frequency encoding with fallback,One-Hot encoding with ignore,TRANS_NUM_CARD_FEWF,RECEIVE_CATEGORY_OHEWI,Ordinary cross-feature relationship,False,-0.01940035151813102,Very weak or negligible,-0.019006448202994276,Very weak or negligible,0.01940035151813102,0.019006448202994276,-0.0003939033151367441,0.0003939033151367441,0.01940035151813102,False
SEND_NAME_FEWF,SEND_JOB_FEWF,Frequency encoding with fallback,Frequency encoding with fallback,SEND_NAME_FEWF,SEND_JOB_FEWF,Ordinary cross-feature relationship,False,0.34484233216906895,Moderate,0.35910155109897623,Moderate,0.34484233216906895,0.35910155109897623,-0.01425921892990728,0.01425921892990728,0.35910155109897623,False
SEND_NAME_FEWF,RECEIVE_LOC_FEWF,Frequency encoding with fallback,Frequency encoding with fallback,SEND_NAME_FEWF,RECEIVE_LOC_FEWF,Ordinary cross-feature relationship,False,-0.02081670355876957,Very weak or negligible,-0.01988048792591372,Very weak or negligible,0.02081670355876957,0.01988048792591372,-0.0009362156328558517,0.0009362156328558517,0.02081670355876957,False
SEND_NAME_FEWF,TRANS_MONTH_SIN,Frequency encoding with fallback,Cyclical sine/cosine,SEND_NAME_FEWF,TRANS_MONTH_SIN,Ordinary cross-feature relationship,False,0.000675919100849934,Very weak or negligible,0.0010165303853163922,Very weak or negligible,0.000675919100849934,0.0010165303853163922,-0.0003406112844664582,0.0003406112844664582,0.0010165303853163922,False
SEND_NAME_FEWF,TRANS_MONTH_COS,Frequency encoding with fallback,Cyclical sine/cosine,SEND_NAME_FEWF,TRANS_MONTH_COS,Ordinary cross-feature relationship,False,0.0006359719669979362,Very weak or negligible,0.000667161238629816,Very weak or negligible,0.0006359719669979362,0.000667161238629816,-3.118927163187979e-05,3.118927163187979e-05,0.000667161238629816,False
SEND_NAME_FEWF,TRANS_HOUR_SIN,Frequency encoding with fallback,Cyclical sine/cosine,SEND_NAME_FEWF,TRANS_HOUR_SIN,Ordinary cross-feature relationship,False,-0.11554114476154564,Weak,-0.11217299076549357,Weak,0.11554114476154564,0.11217299076549357,-0.003368153996052073,0.003368153996052073,0.11554114476154564,False
SEND_NAME_FEWF,TRANS_HOUR_COS,Frequency encoding with fallback,Cyclical sine/cosine,SEND_NAME_FEWF,TRANS_HOUR_COS,Ordinary cross-feature relationship,False,-0.005381673765859982,Very weak or negligible,-0.004894369848651004,Very weak or negligible,0.005381673765859982,0.004894369848651004,-0.0004873039172089786,0.0004873039172089786,0.005381673765859982,False
SEND_NAME_FEWF,TRANS_WEEK_OHEWI_Friday,Frequency encoding with fallback,One-Hot encoding with ignore,SEND_NAME_FEWF,TRANS_WEEK_OHEWI,Ordinary cross-feature relationship,False,-0.0016043866360264097,Very weak or negligible,-0.0013554228125062264,Very weak or negligible,0.0016043866360264097,0.0013554228125062264,-0.0002489638235201833,0.0002489638235201833,0.0016043866360264097,False
SEND_NAME_FEWF,TRANS_WEEK_OHEWI_Monday,Frequency encoding with fallback,One-Hot encoding with ignore,SEND_NAME_FEWF,TRANS_WEEK_OHEWI,Ordinary cross-feature relationship,False,0.001103965451809337,Very weak or negligible,0.0009955860968830672,Very weak or negligible,0.001103965451809337,0.0009955860968830672,0.00010837935492626983,0.00010837935492626983,0.001103965451809337,False
SEND_NAME_FEWF,TRANS_WEEK_OHEWI_Saturday,Frequency encoding with fallback,One-Hot encoding with ignore,SEND_NAME_FEWF,TRANS_WEEK_OHEWI,Ordinary cross-feature relationship,False,-0.0007730945556770151,Very weak or negligible,-0.0005568220529383666,Very weak or negligible,0.0007730945556770151,0.0005568220529383666,-0.00021627250273864855,0.00021627250273864855,0.0007730945556770151,False
SEND_NAME_FEWF,TRANS_WEEK_OHEWI_Sunday,Frequency encoding with fallback,One-Hot encoding with ignore,SEND_NAME_FEWF,TRANS_WEEK_OHEWI,Ordinary cross-feature relationship,False,0.0058518419071733946,Very weak or negligible,0.005629070558957692,Very weak or negligible,0.0058518419071733946,0.005629070558957692,0.00022277134821570288,0.00022277134821570288,0.0058518419071733946,False
SEND_NAME_FEWF,TRANS_WEEK_OHEWI_Thursday,Frequency encoding with fallback,One-Hot encoding with ignore,SEND_NAME_FEWF,TRANS_WEEK_OHEWI,Ordinary cross-feature relationship,False,-0.003149071278347449,Very weak or negligible,-0.0030152534746618214,Very weak or negligible,0.003149071278347449,0.0030152534746618214,-0.00013381780368562765,0.00013381780368562765,0.003149071278347449,False
SEND_NAME_FEWF,TRANS_WEEK_OHEWI_Tuesday,Frequency encoding with fallback,One-Hot encoding with ignore,SEND_NAME_FEWF,TRANS_WEEK_OHEWI,Ordinary cross-feature relationship,False,-0.0021487205300899895,Very weak or negligible,-0.0023499851274782885,Very weak or negligible,0.0021487205300899895,0.0023499851274782885,0.00020126459738829903,0.00020126459738829903,0.0023499851274782885,False
SEND_NAME_FEWF,TRANS_WEEK_OHEWI_Wednesday,Frequency encoding with fallback,One-Hot encoding with ignore,SEND_NAME_FEWF,TRANS_WEEK_OHEWI,Ordinary cross-feature relationship,False,-0.0006079280606316911,Very weak or negligible,-0.0005960486549347778,Very weak or negligible,0.0006079280606316911,0.0005960486549347778,-1.1879405696913251e-05,1.1879405696913251e-05,0.0006079280606316911,False
SEND_NAME_FEWF,RECEIVE_CATEGORY_OHEWI_entertainment,Frequency encoding with fallback,One-Hot encoding with ignore,SEND_NAME_FEWF,RECEIVE_CATEGORY_OHEWI,Ordinary cross-feature relationship,False,-0.006767820741466936,Very weak or negligible,-0.007010118980031832,Very weak or negligible,0.006767820741466936,0.007010118980031832,0.00024229823856489544,0.00024229823856489544,0.007010118980031832,False
SEND_NAME_FEWF,RECEIVE_CATEGORY_OHEWI_food_dining,Frequency encoding with fallback,One-Hot encoding with ignore,SEND_NAME_FEWF,RECEIVE_CATEGORY_OHEWI,Ordinary cross-feature relationship,False,0.0021390438576521743,Very weak or negligible,0.0018387461966786775,Very weak or negligible,0.0021390438576521743,0.0018387461966786775,0.0003002976609734968,0.0003002976609734968,0.0021390438576521743,False
SEND_NAME_FEWF,RECEIVE_CATEGORY_OHEWI_gas_transport,Frequency encoding with fallback,One-Hot encoding with ignore,SEND_NAME_FEWF,RECEIVE_CATEGORY_OHEWI,Ordinary cross-feature relationship,False,-0.006815623187073011,Very weak or negligible,-0.0056426921122916885,Very weak or negligible,0.006815623187073011,0.0056426921122916885,-0.001172931074781323,0.001172931074781323,0.006815623187073011,False
SEND_NAME_FEWF,RECEIVE_CATEGORY_OHEWI_grocery_net,Frequency encoding with fallback,One-Hot encoding with ignore,SEND_NAME_FEWF,RECEIVE_CATEGORY_OHEWI,Ordinary cross-feature relationship,False,0.0409328962823772,Very weak or negligible,0.0402439693506863,Very weak or negligible,0.0409328962823772,0.0402439693506863,0.0006889269316909044,0.0006889269316909044,0.0409328962823772,False
SEND_NAME_FEWF,RECEIVE_CATEGORY_OHEWI_grocery_pos,Frequency encoding with fallback,One-Hot encoding with ignore,SEND_NAME_FEWF,RECEIVE_CATEGORY_OHEWI,Ordinary cross-feature relationship,False,-0.015626446020567026,Very weak or negligible,-0.015195230457860002,Very weak or negligible,0.015626446020567026,0.015195230457860002,-0.00043121556270702376,0.00043121556270702376,0.015626446020567026,False
SEND_NAME_FEWF,RECEIVE_CATEGORY_OHEWI_health_fitness,Frequency encoding with fallback,One-Hot encoding with ignore,SEND_NAME_FEWF,RECEIVE_CATEGORY_OHEWI,Ordinary cross-feature relationship,False,8.524530850508445e-05,Very weak or negligible,0.0003998171525788,Very weak or negligible,8.524530850508445e-05,0.0003998171525788,-0.0003145718440737155,0.0003145718440737155,0.0003998171525788,False
SEND_NAME_FEWF,RECEIVE_CATEGORY_OHEWI_home,Frequency encoding with fallback,One-Hot encoding with ignore,SEND_NAME_FEWF,RECEIVE_CATEGORY_OHEWI,Ordinary cross-feature relationship,False,-0.011317261526464296,Very weak or negligible,-0.010956871439692045,Very weak or negligible,0.011317261526464296,0.010956871439692045,-0.0003603900867722512,0.0003603900867722512,0.011317261526464296,False
SEND_NAME_FEWF,RECEIVE_CATEGORY_OHEWI_kids_pets,Frequency encoding with fallback,One-Hot encoding with ignore,SEND_NAME_FEWF,RECEIVE_CATEGORY_OHEWI,Ordinary cross-feature relationship,False,-0.01077064318380146,Very weak or negligible,-0.011064774192098847,Very weak or negligible,0.01077064318380146,0.011064774192098847,0.00029413100829738664,0.00029413100829738664,0.011064774192098847,False
SEND_NAME_FEWF,RECEIVE_CATEGORY_OHEWI_misc_net,Frequency encoding with fallback,One-Hot encoding with ignore,SEND_NAME_FEWF,RECEIVE_CATEGORY_OHEWI,Ordinary cross-feature relationship,False,0.009072728279695167,Very weak or negligible,0.009069919938300357,Very weak or negligible,0.009072728279695167,0.009069919938300357,2.8083413948099684e-06,2.8083413948099684e-06,0.009072728279695167,False
SEND_NAME_FEWF,RECEIVE_CATEGORY_OHEWI_misc_pos,Frequency encoding with fallback,One-Hot encoding with ignore,SEND_NAME_FEWF,RECEIVE_CATEGORY_OHEWI,Ordinary cross-feature relationship,False,0.006082931821424097,Very weak or negligible,0.006018471028645408,Very weak or negligible,0.006082931821424097,0.006018471028645408,6.446079277868874e-05,6.446079277868874e-05,0.006082931821424097,False
SEND_NAME_FEWF,RECEIVE_CATEGORY_OHEWI_personal_care,Frequency encoding with fallback,One-Hot encoding with ignore,SEND_NAME_FEWF,RECEIVE_CATEGORY_OHEWI,Ordinary cross-feature relationship,False,0.0015094354873582741,Very weak or negligible,0.00031972724748551305,Very weak or negligible,0.0015094354873582741,0.00031972724748551305,0.001189708239872761,0.001189708239872761,0.0015094354873582741,False
SEND_NAME_FEWF,RECEIVE_CATEGORY_OHEWI_shopping_net,Frequency encoding with fallback,One-Hot encoding with ignore,SEND_NAME_FEWF,RECEIVE_CATEGORY_OHEWI,Ordinary cross-feature relationship,False,0.012435665689326471,Very weak or negligible,0.013251805880649746,Very weak or negligible,0.012435665689326471,0.013251805880649746,-0.0008161401913232749,0.0008161401913232749,0.013251805880649746,False
SEND_NAME_FEWF,RECEIVE_CATEGORY_OHEWI_shopping_pos,Frequency encoding with fallback,One-Hot encoding with ignore,SEND_NAME_FEWF,RECEIVE_CATEGORY_OHEWI,Ordinary cross-feature relationship,False,0.009799475003052867,Very weak or negligible,0.00906969472267352,Very weak or negligible,0.009799475003052867,0.00906969472267352,0.0007297802803793475,0.0007297802803793475,0.009799475003052867,False
SEND_NAME_FEWF,RECEIVE_CATEGORY_OHEWI_travel,Frequency encoding with fallback,One-Hot encoding with ignore,SEND_NAME_FEWF,RECEIVE_CATEGORY_OHEWI,Ordinary cross-feature relationship,False,-0.018562668994332027,Very weak or negligible,-0.018571238175764813,Very weak or negligible,0.018562668994332027,0.018571238175764813,8.5691814327854e-06,8.5691814327854e-06,0.018571238175764813,False
SEND_JOB_FEWF,RECEIVE_LOC_FEWF,Frequency encoding with fallback,Frequency encoding with fallback,SEND_JOB_FEWF,RECEIVE_LOC_FEWF,Ordinary cross-feature relationship,False,-0.0032463531675683104,Very weak or negligible,-0.0032606443835501956,Very weak or negligible,0.0032463531675683104,0.0032606443835501956,1.4291215981885198e-05,1.4291215981885198e-05,0.0032606443835501956,False
SEND_JOB_FEWF,TRANS_MONTH_SIN,Frequency encoding with fallback,Cyclical sine/cosine,SEND_JOB_FEWF,TRANS_MONTH_SIN,Ordinary cross-feature relationship,False,-0.0008328506233742696,Very weak or negligible,-0.0007801554459919343,Very weak or negligible,0.0008328506233742696,0.0007801554459919343,-5.269517738233534e-05,5.269517738233534e-05,0.0008328506233742696,False
SEND_JOB_FEWF,TRANS_MONTH_COS,Frequency encoding with fallback,Cyclical sine/cosine,SEND_JOB_FEWF,TRANS_MONTH_COS,Ordinary cross-feature relationship,False,-0.0005501933113962242,Very weak or negligible,-0.0004996950428689271,Very weak or negligible,0.0005501933113962242,0.0004996950428689271,-5.049826852729703e-05,5.049826852729703e-05,0.0005501933113962242,False
SEND_JOB_FEWF,TRANS_HOUR_SIN,Frequency encoding with fallback,Cyclical sine/cosine,SEND_JOB_FEWF,TRANS_HOUR_SIN,Ordinary cross-feature relationship,False,-0.03824642590219604,Very weak or negligible,-0.0373320690712164,Very weak or negligible,0.03824642590219604,0.0373320690712164,-0.0009143568309796374,0.0009143568309796374,0.03824642590219604,False
SEND_JOB_FEWF,TRANS_HOUR_COS,Frequency encoding with fallback,Cyclical sine/cosine,SEND_JOB_FEWF,TRANS_HOUR_COS,Ordinary cross-feature relationship,False,0.00024281528500113729,Very weak or negligible,0.0001411766550369147,Very weak or negligible,0.00024281528500113729,0.0001411766550369147,0.00010163862996422258,0.00010163862996422258,0.00024281528500113729,False
SEND_JOB_FEWF,TRANS_WEEK_OHEWI_Friday,Frequency encoding with fallback,One-Hot encoding with ignore,SEND_JOB_FEWF,TRANS_WEEK_OHEWI,Ordinary cross-feature relationship,False,-0.00018217327781844234,Very weak or negligible,-0.0009006841022895431,Very weak or negligible,0.00018217327781844234,0.0009006841022895431,0.0007185108244711007,0.0007185108244711007,0.0009006841022895431,False
SEND_JOB_FEWF,TRANS_WEEK_OHEWI_Monday,Frequency encoding with fallback,One-Hot encoding with ignore,SEND_JOB_FEWF,TRANS_WEEK_OHEWI,Ordinary cross-feature relationship,False,0.00044930554607531994,Very weak or negligible,0.0008512074245570743,Very weak or negligible,0.00044930554607531994,0.0008512074245570743,-0.00040190187848175433,0.00040190187848175433,0.0008512074245570743,False
SEND_JOB_FEWF,TRANS_WEEK_OHEWI_Saturday,Frequency encoding with fallback,One-Hot encoding with ignore,SEND_JOB_FEWF,TRANS_WEEK_OHEWI,Ordinary cross-feature relationship,False,-0.00022981307976448347,Very weak or negligible,0.00011627693706751947,Very weak or negligible,0.00022981307976448347,0.00011627693706751947,-0.00034609001683200293,0.000113536142696964,0.00022981307976448347,False
SEND_JOB_FEWF,TRANS_WEEK_OHEWI_Sunday,Frequency encoding with fallback,One-Hot encoding with ignore,SEND_JOB_FEWF,TRANS_WEEK_OHEWI,Ordinary cross-feature relationship,False,0.002933186070530482,Very weak or negligible,0.003659860618281236,Very weak or negligible,0.002933186070530482,0.003659860618281236,-0.0007266745477507541,0.0007266745477507541,0.003659860618281236,False
SEND_JOB_FEWF,TRANS_WEEK_OHEWI_Thursday,Frequency encoding with fallback,One-Hot encoding with ignore,SEND_JOB_FEWF,TRANS_WEEK_OHEWI,Ordinary cross-feature relationship,False,-0.0014263463595947758,Very weak or negligible,-0.0019247935571623561,Very weak or negligible,0.0014263463595947758,0.0019247935571623561,0.0004984471975675803,0.0004984471975675803,0.0019247935571623561,False
SEND_JOB_FEWF,TRANS_WEEK_OHEWI_Tuesday,Frequency encoding with fallback,One-Hot encoding with ignore,SEND_JOB_FEWF,TRANS_WEEK_OHEWI,Ordinary cross-feature relationship,False,-0.0010452962907399079,Very weak or negligible,-0.001271462841527292,Very weak or negligible,0.0010452962907399079,0.001271462841527292,0.0002261665507873841,0.0002261665507873841,0.001271462841527292,False
SEND_JOB_FEWF,TRANS_WEEK_OHEWI_Wednesday,Frequency encoding with fallback,One-Hot encoding with ignore,SEND_JOB_FEWF,TRANS_WEEK_OHEWI,Ordinary cross-feature relationship,False,-0.0012137707137245745,Very weak or negligible,-0.0015378950334931846,Very weak or negligible,0.0012137707137245745,0.0015378950334931846,0.0003241243197686101,0.0003241243197686101,0.0015378950334931846,False
SEND_JOB_FEWF,RECEIVE_CATEGORY_OHEWI_entertainment,Frequency encoding with fallback,One-Hot encoding with ignore,SEND_JOB_FEWF,RECEIVE_CATEGORY_OHEWI,Ordinary cross-feature relationship,False,-0.0029263477581819995,Very weak or negligible,-0.002659338212536143,Very weak or negligible,0.0029263477581819995,0.002659338212536143,-0.00026700954564585653,0.00026700954564585653,0.0029263477581819995,False
SEND_JOB_FEWF,RECEIVE_CATEGORY_OHEWI_food_dining,Frequency encoding with fallback,One-Hot encoding with ignore,SEND_JOB_FEWF,RECEIVE_CATEGORY_OHEWI,Ordinary cross-feature relationship,False,-0.0030371118422624142,Very weak or negligible,-0.00210309396375406,Very weak or negligible,0.0030371118422624142,0.00210309396375406,-0.0009340178785083543,0.0009340178785083543,0.0030371118422624142,False
SEND_JOB_FEWF,RECEIVE_CATEGORY_OHEWI_gas_transport,Frequency encoding with fallback,One-Hot encoding with ignore,SEND_JOB_FEWF,RECEIVE_CATEGORY_OHEWI,Ordinary cross-feature relationship,False,0.00243026199755791,Very weak or negligible,0.0035295972811529384,Very weak or negligible,0.00243026199755791,0.0035295972811529384,-0.0010993352835950284,0.0010993352835950284,0.0035295972811529384,False
SEND_JOB_FEWF,RECEIVE_CATEGORY_OHEWI_grocery_net,Frequency encoding with fallback,One-Hot encoding with ignore,SEND_JOB_FEWF,RECEIVE_CATEGORY_OHEWI,Ordinary cross-feature relationship,False,0.008519481528147448,Very weak or negligible,0.008726361895047077,Very weak or negligible,0.008519481528147448,0.008726361895047077,-0.0002068803668996283,0.0002068803668996283,0.008726361895047077,False
SEND_JOB_FEWF,RECEIVE_CATEGORY_OHEWI_grocery_pos,Frequency encoding with fallback,One-Hot encoding with ignore,SEND_JOB_FEWF,RECEIVE_CATEGORY_OHEWI,Ordinary cross-feature relationship,False,-0.005215193416828592,Very weak or negligible,-0.006444560856774736,Very weak or negligible,0.005215193416828592,0.006444560856774736,0.0012293674399461432,0.0012293674399461432,0.006444560856774736,False
SEND_JOB_FEWF,RECEIVE_CATEGORY_OHEWI_health_fitness,Frequency encoding with fallback,One-Hot encoding with ignore,SEND_JOB_FEWF,RECEIVE_CATEGORY_OHEWI,Ordinary cross-feature relationship,False,0.0011233611873947141,Very weak or negligible,0.0009662667411626769,Very weak or negligible,0.0011233611873947141,0.0009662667411626769,0.0001570944462320372,0.0001570944462320372,0.0011233611873947141,False
SEND_JOB_FEWF,RECEIVE_CATEGORY_OHEWI_home,Frequency encoding with fallback,One-Hot encoding with ignore,SEND_JOB_FEWF,RECEIVE_CATEGORY_OHEWI,Ordinary cross-feature relationship,False,-0.0039042069939632276,Very weak or negligible,-0.004903288289998672,Very weak or negligible,0.0039042069939632276,0.004903288289998672,0.0009990812960354446,0.0009990812960354446,0.004903288289998672,False
SEND_JOB_FEWF,RECEIVE_CATEGORY_OHEWI_kids_pets,Frequency encoding with fallback,One-Hot encoding with ignore,SEND_JOB_FEWF,RECEIVE_CATEGORY_OHEWI,Ordinary cross-feature relationship,False,-0.001602803582531838,Very weak or negligible,-0.0018039568456337043,Very weak or negligible,0.001602803582531838,0.0018039568456337043,0.0002011532631018664,0.0002011532631018664,0.0018039568456337043,False
SEND_JOB_FEWF,RECEIVE_CATEGORY_OHEWI_misc_net,Frequency encoding with fallback,One-Hot encoding with ignore,SEND_JOB_FEWF,RECEIVE_CATEGORY_OHEWI,Ordinary cross-feature relationship,False,0.004254367588808658,Very weak or negligible,0.004531669468240509,Very weak or negligible,0.004254367588808658,0.004531669468240509,-0.0002773018794318509,0.0002773018794318509,0.004531669468240509,False
SEND_JOB_FEWF,RECEIVE_CATEGORY_OHEWI_misc_pos,Frequency encoding with fallback,One-Hot encoding with ignore,SEND_JOB_FEWF,RECEIVE_CATEGORY_OHEWI,Ordinary cross-feature relationship,False,-0.002575483523433404,Very weak or negligible,-0.00230605807083509,Very weak or negligible,0.002575483523433404,0.00230605807083509,-0.0002694254525983141,0.0002694254525983141,0.002575483523433404,False
SEND_JOB_FEWF,RECEIVE_CATEGORY_OHEWI_personal_care,Frequency encoding with fallback,One-Hot encoding with ignore,SEND_JOB_FEWF,RECEIVE_CATEGORY_OHEWI,Ordinary cross-feature relationship,False,0.001755258037093249,Very weak or negligible,0.002195279681925516,Very weak or negligible,0.001755258037093249,0.002195279681925516,-0.0004400216448322671,0.0004400216448322671,0.002195279681925516,False
SEND_JOB_FEWF,RECEIVE_CATEGORY_OHEWI_shopping_net,Frequency encoding with fallback,One-Hot encoding with ignore,SEND_JOB_FEWF,RECEIVE_CATEGORY_OHEWI,Ordinary cross-feature relationship,False,0.006903462890945973,Very weak or negligible,0.006690510419845624,Very weak or negligible,0.006903462890945973,0.006690510419845624,0.00021295247110034946,0.00021295247110034946,0.006903462890945973,False
SEND_JOB_FEWF,RECEIVE_CATEGORY_OHEWI_shopping_pos,Frequency encoding with fallback,One-Hot encoding with ignore,SEND_JOB_FEWF,RECEIVE_CATEGORY_OHEWI,Ordinary cross-feature relationship,False,0.00158584485851888,Very weak or negligible,0.0013234463435232075,Very weak or negligible,0.00158584485851888,0.0013234463435232075,0.00026239851499567247,0.00026239851499567247,0.00158584485851888,False
SEND_JOB_FEWF,RECEIVE_CATEGORY_OHEWI_travel,Frequency encoding with fallback,One-Hot encoding with ignore,SEND_JOB_FEWF,RECEIVE_CATEGORY_OHEWI,Ordinary cross-feature relationship,False,-0.005390727031163125,Very weak or negligible,-0.0055932057865942415,Very weak or negligible,0.005390727031163125,0.0055932057865942415,0.00020247875543111683,0.00020247875543111683,0.0055932057865942415,False
RECEIVE_LOC_FEWF,TRANS_MONTH_SIN,Frequency encoding with fallback,Cyclical sine/cosine,RECEIVE_LOC_FEWF,TRANS_MONTH_SIN,Ordinary cross-feature relationship,False,0.0012491023217932656,Very weak or negligible,0.0016158108462295832,Very weak or negligible,0.0012491023217932656,0.0016158108462295832,-0.0003667085244363176,0.0003667085244363176,0.0016158108462295832,False
RECEIVE_LOC_FEWF,TRANS_MONTH_COS,Frequency encoding with fallback,Cyclical sine/cosine,RECEIVE_LOC_FEWF,TRANS_MONTH_COS,Ordinary cross-feature relationship,False,0.0006025173102175083,Very weak or negligible,0.0006479430987468078,Very weak or negligible,0.0006025173102175083,0.0006479430987468078,-4.542578852929956e-05,4.542578852929956e-05,0.0006479430987468078,False
RECEIVE_LOC_FEWF,TRANS_HOUR_SIN,Frequency encoding with fallback,Cyclical sine/cosine,RECEIVE_LOC_FEWF,TRANS_HOUR_SIN,Ordinary cross-feature relationship,False,0.09917859083817004,Very weak or negligible,0.19070971881934182,Weak,0.09917859083817004,0.19070971881934182,-0.09153112798117177,0.09153112798117177,0.19070971881934182,False
RECEIVE_LOC_FEWF,TRANS_HOUR_COS,Frequency encoding with fallback,Cyclical sine/cosine,RECEIVE_LOC_FEWF,TRANS_HOUR_COS,Ordinary cross-feature relationship,False,-0.0010000433818822573,Very weak or negligible,-0.00028275497596871255,Very weak or negligible,0.0010000433818822573,0.00028275497596871255,-0.0007172884059135447,0.0007172884059135447,0.0010000433818822573,False
RECEIVE_LOC_FEWF,TRANS_WEEK_OHEWI_Friday,Frequency encoding with fallback,One-Hot encoding with ignore,RECEIVE_LOC_FEWF,TRANS_WEEK_OHEWI,Ordinary cross-feature relationship,False,0.0030612983461049174,Very weak or negligible,0.003107366210482787,Very weak or negligible,0.0030612983461049174,0.003107366210482787,-4.6067864377869524e-05,4.6067864377869524e-05,0.003107366210482787,False
RECEIVE_LOC_FEWF,TRANS_WEEK_OHEWI_Monday,Frequency encoding with fallback,One-Hot encoding with ignore,RECEIVE_LOC_FEWF,TRANS_WEEK_OHEWI,Ordinary cross-feature relationship,False,-0.0017472367071152339,Very weak or negligible,-0.0017086587697221155,Very weak or negligible,0.0017472367071152339,0.0017086587697221155,-3.857793739311835e-05,3.857793739311835e-05,0.0017472367071152339,False
RECEIVE_LOC_FEWF,TRANS_WEEK_OHEWI_Saturday,Frequency encoding with fallback,One-Hot encoding with ignore,RECEIVE_LOC_FEWF,TRANS_WEEK_OHEWI,Ordinary cross-feature relationship,False,0.0003089445180079632,Very weak or negligible,0.00033315510356530316,Very weak or negligible,0.0003089445180079632,0.00033315510356530316,-2.421058555733996e-05,2.421058555733996e-05,0.00033315510356530316,False
RECEIVE_LOC_FEWF,TRANS_WEEK_OHEWI_Sunday,Frequency encoding with fallback,One-Hot encoding with ignore,RECEIVE_LOC_FEWF,TRANS_WEEK_OHEWI,Ordinary cross-feature relationship,False,-0.0013927084976848492,Very weak or negligible,-0.0018682980271689598,Very weak or negligible,0.0013927084976848492,0.0018682980271689598,0.00047558952948411064,0.00047558952948411064,0.0018682980271689598,False
RECEIVE_LOC_FEWF,TRANS_WEEK_OHEWI_Thursday,Frequency encoding with fallback,One-Hot encoding with ignore,RECEIVE_LOC_FEWF,TRANS_WEEK_OHEWI,Ordinary cross-feature relationship,False,5.350798089250968e-05,Very weak or negligible,0.00030628000780327655,Very weak or negligible,5.350798089250968e-05,0.00030628000780327655,-0.00025277202691076687,0.00025277202691076687,0.00030628000780327655,False
RECEIVE_LOC_FEWF,TRANS_WEEK_OHEWI_Tuesday,Frequency encoding with fallback,One-Hot encoding with ignore,RECEIVE_LOC_FEWF,TRANS_WEEK_OHEWI,Ordinary cross-feature relationship,False,-4.149541995874681e-05,Very weak or negligible,8.678770490673942e-05,Very weak or negligible,4.149541995874681e-05,8.678770490673942e-05,-0.00012828312486548623,4.529228494799261e-05,8.678770490673942e-05,False
RECEIVE_LOC_FEWF,TRANS_WEEK_OHEWI_Wednesday,Frequency encoding with fallback,One-Hot encoding with ignore,RECEIVE_LOC_FEWF,TRANS_WEEK_OHEWI,Ordinary cross-feature relationship,False,0.0004974503306990412,Very weak or negligible,0.0005688967453224135,Very weak or negligible,0.0004974503306990412,0.0005688967453224135,-7.144641462337239e-05,7.144641462337239e-05,0.0005688967453224135,False
RECEIVE_LOC_FEWF,RECEIVE_CATEGORY_OHEWI_entertainment,Frequency encoding with fallback,One-Hot encoding with ignore,RECEIVE_LOC_FEWF,RECEIVE_CATEGORY_OHEWI,Ordinary cross-feature relationship,False,-0.08906920506989344,Very weak or negligible,-0.09958298460022263,Very weak or negligible,0.08906920506989344,0.09958298460022263,0.010513779530329198,0.010513779530329198,0.09958298460022263,False
RECEIVE_LOC_FEWF,RECEIVE_CATEGORY_OHEWI_food_dining,Frequency encoding with fallback,One-Hot encoding with ignore,RECEIVE_LOC_FEWF,RECEIVE_CATEGORY_OHEWI,Ordinary cross-feature relationship,False,-0.08582493894959273,Very weak or negligible,-0.15873008057306404,Weak,0.08582493894959273,0.15873008057306404,0.07290514162347131,0.07290514162347131,0.15873008057306404,False
RECEIVE_LOC_FEWF,RECEIVE_CATEGORY_OHEWI_gas_transport,Frequency encoding with fallback,One-Hot encoding with ignore,RECEIVE_LOC_FEWF,RECEIVE_CATEGORY_OHEWI,Ordinary cross-feature relationship,False,0.37305486087824624,Moderate,0.5029822929369966,Strong,0.37305486087824624,0.5029822929369966,-0.12992743205875035,0.12992743205875035,0.5029822929369966,False
RECEIVE_LOC_FEWF,RECEIVE_CATEGORY_OHEWI_grocery_net,Frequency encoding with fallback,One-Hot encoding with ignore,RECEIVE_LOC_FEWF,RECEIVE_CATEGORY_OHEWI,Ordinary cross-feature relationship,False,-0.4101979766961632,Moderate,-0.29833752159731664,Weak,0.4101979766961632,0.29833752159731664,-0.11186045509884657,0.11186045509884657,0.4101979766961632,False
RECEIVE_LOC_FEWF,RECEIVE_CATEGORY_OHEWI_grocery_pos,Frequency encoding with fallback,One-Hot encoding with ignore,RECEIVE_LOC_FEWF,RECEIVE_CATEGORY_OHEWI,Ordinary cross-feature relationship,False,0.2814893326200222,Weak,0.33053950381364783,Moderate,0.2814893326200222,0.33053950381364783,-0.04905017119362565,0.04905017119362565,0.33053950381364783,False
RECEIVE_LOC_FEWF,RECEIVE_CATEGORY_OHEWI_health_fitness,Frequency encoding with fallback,One-Hot encoding with ignore,RECEIVE_LOC_FEWF,RECEIVE_CATEGORY_OHEWI,Ordinary cross-feature relationship,False,-0.12729211678032323,Weak,-0.243325941053484,Weak,0.12729211678032323,0.243325941053484,0.11603382427316078,0.11603382427316078,0.243325941053484,False
RECEIVE_LOC_FEWF,RECEIVE_CATEGORY_OHEWI_home,Frequency encoding with fallback,One-Hot encoding with ignore,RECEIVE_LOC_FEWF,RECEIVE_CATEGORY_OHEWI,Ordinary cross-feature relationship,False,0.25139907784082155,Weak,0.3141563770723611,Moderate,0.25139907784082155,0.3141563770723611,-0.06275729923153955,0.06275729923153955,0.3141563770723611,False
RECEIVE_LOC_FEWF,RECEIVE_CATEGORY_OHEWI_kids_pets,Frequency encoding with fallback,One-Hot encoding with ignore,RECEIVE_LOC_FEWF,RECEIVE_CATEGORY_OHEWI,Ordinary cross-feature relationship,False,0.12784648305967947,Weak,0.07476550851810757,Very weak or negligible,0.12784648305967947,0.07476550851810757,0.0530809745415719,0.0530809745415719,0.12784648305967947,False
RECEIVE_LOC_FEWF,RECEIVE_CATEGORY_OHEWI_misc_net,Frequency encoding with fallback,One-Hot encoding with ignore,RECEIVE_LOC_FEWF,RECEIVE_CATEGORY_OHEWI,Ordinary cross-feature relationship,False,-0.3144659303146196,Moderate,-0.3088863834749092,Moderate,0.3144659303146196,0.3088863834749092,-0.005579546839710403,0.005579546839710403,0.3144659303146196,False
RECEIVE_LOC_FEWF,RECEIVE_CATEGORY_OHEWI_misc_pos,Frequency encoding with fallback,One-Hot encoding with ignore,RECEIVE_LOC_FEWF,RECEIVE_CATEGORY_OHEWI,Ordinary cross-feature relationship,False,-0.17191540608027348,Weak,-0.2746980310533188,Weak,0.17191540608027348,0.2746980310533188,0.10278262497304533,0.10278262497304533,0.2746980310533188,False
RECEIVE_LOC_FEWF,RECEIVE_CATEGORY_OHEWI_personal_care,Frequency encoding with fallback,One-Hot encoding with ignore,RECEIVE_LOC_FEWF,RECEIVE_CATEGORY_OHEWI,Ordinary cross-feature relationship,False,-0.09988028933013994,Very weak or negligible,-0.1718427505863174,Weak,0.09988028933013994,0.1718427505863174,0.07196246125617746,0.07196246125617746,0.1718427505863174,False
RECEIVE_LOC_FEWF,RECEIVE_CATEGORY_OHEWI_shopping_net,Frequency encoding with fallback,One-Hot encoding with ignore,RECEIVE_LOC_FEWF,RECEIVE_CATEGORY_OHEWI,Ordinary cross-feature relationship,False,0.002071747929304752,Very weak or negligible,0.0056365069458779934,Very weak or negligible,0.002071747929304752,0.0056365069458779934,-0.0035647590165732413,0.0035647590165732413,0.0056365069458779934,False
RECEIVE_LOC_FEWF,RECEIVE_CATEGORY_OHEWI_shopping_pos,Frequency encoding with fallback,One-Hot encoding with ignore,RECEIVE_LOC_FEWF,RECEIVE_CATEGORY_OHEWI,Ordinary cross-feature relationship,False,0.1833548503535858,Weak,0.15979418428844347,Weak,0.1833548503535858,0.15979418428844347,0.023560666065142344,0.023560666065142344,0.1833548503535858,False
RECEIVE_LOC_FEWF,RECEIVE_CATEGORY_OHEWI_travel,Frequency encoding with fallback,One-Hot encoding with ignore,RECEIVE_LOC_FEWF,RECEIVE_CATEGORY_OHEWI,Ordinary cross-feature relationship,False,-0.40840391277939525,Moderate,-0.2914608594927226,Weak,0.40840391277939525,0.2914608594927226,-0.11694305328667265,0.11694305328667265,0.40840391277939525,False
TRANS_MONTH_SIN,TRANS_MONTH_COS,Cyclical sine/cosine,Cyclical sine/cosine,TRANS_MONTH_SIN,TRANS_MONTH_COS,Same-cycle sine/cosine structural pair,True,-0.08986963924660968,Very weak or negligible,-0.07830349176631896,Very weak or negligible,0.08986963924660968,0.07830349176631896,-0.011566147480290723,0.011566147480290723,0.08986963924660968,False
TRANS_MONTH_SIN,TRANS_HOUR_SIN,Cyclical sine/cosine,Cyclical sine/cosine,TRANS_MONTH_SIN,TRANS_HOUR_SIN,Ordinary cross-feature relationship,False,0.00029157236740937634,Very weak or negligible,0.00029748739953829864,Very weak or negligible,0.00029157236740937634,0.00029748739953829864,-5.915032128922298e-06,5.915032128922298e-06,0.00029748739953829864,False
TRANS_MONTH_SIN,TRANS_HOUR_COS,Cyclical sine/cosine,Cyclical sine/cosine,TRANS_MONTH_SIN,TRANS_HOUR_COS,Ordinary cross-feature relationship,False,-0.00032045803856203315,Very weak or negligible,-0.0006538516904785408,Very weak or negligible,0.00032045803856203315,0.0006538516904785408,0.0003333936519165076,0.0003333936519165076,0.0006538516904785408,False
TRANS_MONTH_SIN,TRANS_WEEK_OHEWI_Friday,Cyclical sine/cosine,One-Hot encoding with ignore,TRANS_MONTH_SIN,TRANS_WEEK_OHEWI,Ordinary cross-feature relationship,False,0.005655438147630196,Very weak or negligible,0.0046243708327082635,Very weak or negligible,0.005655438147630196,0.0046243708327082635,0.0010310673149219324,0.0010310673149219324,0.005655438147630196,False
TRANS_MONTH_SIN,TRANS_WEEK_OHEWI_Monday,Cyclical sine/cosine,One-Hot encoding with ignore,TRANS_MONTH_SIN,TRANS_WEEK_OHEWI,Ordinary cross-feature relationship,False,-0.0036159029530492856,Very weak or negligible,-0.002005892477611537,Very weak or negligible,0.0036159029530492856,0.002005892477611537,-0.0016100104754377485,0.0016100104754377485,0.0036159029530492856,False
TRANS_MONTH_SIN,TRANS_WEEK_OHEWI_Saturday,Cyclical sine/cosine,One-Hot encoding with ignore,TRANS_MONTH_SIN,TRANS_WEEK_OHEWI,Ordinary cross-feature relationship,False,-0.0035552961131094874,Very weak or negligible,-0.004833782838322045,Very weak or negligible,0.0035552961131094874,0.004833782838322045,0.0012784867252125572,0.0012784867252125572,0.004833782838322045,False
TRANS_MONTH_SIN,TRANS_WEEK_OHEWI_Sunday,Cyclical sine/cosine,One-Hot encoding with ignore,TRANS_MONTH_SIN,TRANS_WEEK_OHEWI,Ordinary cross-feature relationship,False,0.003196531678690943,Very weak or negligible,0.002682773852413717,Very weak or negligible,0.003196531678690943,0.002682773852413717,0.000513757826277226,0.000513757826277226,0.003196531678690943,False
TRANS_MONTH_SIN,TRANS_WEEK_OHEWI_Thursday,Cyclical sine/cosine,One-Hot encoding with ignore,TRANS_MONTH_SIN,TRANS_WEEK_OHEWI,Ordinary cross-feature relationship,False,-0.001105474718428284,Very weak or negligible,-0.0012761378892774855,Very weak or negligible,0.001105474718428284,0.0012761378892774855,0.00017066317084920147,0.00017066317084920147,0.0012761378892774855,False
TRANS_MONTH_SIN,TRANS_WEEK_OHEWI_Tuesday,Cyclical sine/cosine,One-Hot encoding with ignore,TRANS_MONTH_SIN,TRANS_WEEK_OHEWI,Ordinary cross-feature relationship,False,-0.0003699392403730713,Very weak or negligible,0.00012012228274954604,Very weak or negligible,0.0003699392403730713,0.00012012228274954604,-0.0004900615231226174,0.0002498169576235252,0.0003699392403730713,False
TRANS_MONTH_SIN,TRANS_WEEK_OHEWI_Wednesday,Cyclical sine/cosine,One-Hot encoding with ignore,TRANS_MONTH_SIN,TRANS_WEEK_OHEWI,Ordinary cross-feature relationship,False,0.0003695960802777805,Very weak or negligible,0.0010846105554654522,Very weak or negligible,0.0003695960802777805,0.0010846105554654522,-0.0007150144751876717,0.0007150144751876717,0.0010846105554654522,False
TRANS_MONTH_SIN,RECEIVE_CATEGORY_OHEWI_entertainment,Cyclical sine/cosine,One-Hot encoding with ignore,TRANS_MONTH_SIN,RECEIVE_CATEGORY_OHEWI,Ordinary cross-feature relationship,False,7.42266342375086e-06,Very weak or negligible,4.255288107223262e-05,Very weak or negligible,7.42266342375086e-06,4.255288107223262e-05,-3.5130217648481754e-05,3.5130217648481754e-05,4.255288107223262e-05,False
TRANS_MONTH_SIN,RECEIVE_CATEGORY_OHEWI_food_dining,Cyclical sine/cosine,One-Hot encoding with ignore,TRANS_MONTH_SIN,RECEIVE_CATEGORY_OHEWI,Ordinary cross-feature relationship,False,-0.0003504853125318791,Very weak or negligible,-0.00045840856171337627,Very weak or negligible,0.0003504853125318791,0.00045840856171337627,0.00010792324918149716,0.00010792324918149716,0.00045840856171337627,False
TRANS_MONTH_SIN,RECEIVE_CATEGORY_OHEWI_gas_transport,Cyclical sine/cosine,One-Hot encoding with ignore,TRANS_MONTH_SIN,RECEIVE_CATEGORY_OHEWI,Ordinary cross-feature relationship,False,0.00035120557333343444,Very weak or negligible,0.0006782738461068777,Very weak or negligible,0.00035120557333343444,0.0006782738461068777,-0.00032706827277344323,0.00032706827277344323,0.0006782738461068777,False
TRANS_MONTH_SIN,RECEIVE_CATEGORY_OHEWI_grocery_net,Cyclical sine/cosine,One-Hot encoding with ignore,TRANS_MONTH_SIN,RECEIVE_CATEGORY_OHEWI,Ordinary cross-feature relationship,False,-9.909475308040472e-06,Very weak or negligible,4.639061224862814e-06,Very weak or negligible,9.909475308040472e-06,4.639061224862814e-06,-1.4548536532903287e-05,5.270414083177658e-06,9.909475308040472e-06,False
TRANS_MONTH_SIN,RECEIVE_CATEGORY_OHEWI_grocery_pos,Cyclical sine/cosine,One-Hot encoding with ignore,TRANS_MONTH_SIN,RECEIVE_CATEGORY_OHEWI,Ordinary cross-feature relationship,False,0.0019918745580129473,Very weak or negligible,0.0018818594980926733,Very weak or negligible,0.0019918745580129473,0.0018818594980926733,0.00011001505992027402,0.00011001505992027402,0.0019918745580129473,False
TRANS_MONTH_SIN,RECEIVE_CATEGORY_OHEWI_health_fitness,Cyclical sine/cosine,One-Hot encoding with ignore,TRANS_MONTH_SIN,RECEIVE_CATEGORY_OHEWI,Ordinary cross-feature relationship,False,0.0014175216758266233,Very weak or negligible,0.0013015372363469656,Very weak or negligible,0.0014175216758266233,0.0013015372363469656,0.00011598443947965771,0.00011598443947965771,0.0014175216758266233,False
TRANS_MONTH_SIN,RECEIVE_CATEGORY_OHEWI_home,Cyclical sine/cosine,One-Hot encoding with ignore,TRANS_MONTH_SIN,RECEIVE_CATEGORY_OHEWI,Ordinary cross-feature relationship,False,-4.745229774274428e-05,Very weak or negligible,-0.00014406241785763288,Very weak or negligible,4.745229774274428e-05,0.00014406241785763288,9.661012011488861e-05,9.661012011488861e-05,0.00014406241785763288,False
TRANS_MONTH_SIN,RECEIVE_CATEGORY_OHEWI_kids_pets,Cyclical sine/cosine,One-Hot encoding with ignore,TRANS_MONTH_SIN,RECEIVE_CATEGORY_OHEWI,Ordinary cross-feature relationship,False,-9.037256860923247e-05,Very weak or negligible,-7.855123097590851e-05,Very weak or negligible,9.037256860923247e-05,7.855123097590851e-05,-1.1821337633323962e-05,1.1821337633323962e-05,9.037256860923247e-05,False
TRANS_MONTH_SIN,RECEIVE_CATEGORY_OHEWI_misc_net,Cyclical sine/cosine,One-Hot encoding with ignore,TRANS_MONTH_SIN,RECEIVE_CATEGORY_OHEWI,Ordinary cross-feature relationship,False,-0.0010715642405204227,Very weak or negligible,-0.0012157129136367091,Very weak or negligible,0.0010715642405204227,0.0012157129136367091,0.00014414867311628643,0.00014414867311628643,0.0012157129136367091,False
TRANS_MONTH_SIN,RECEIVE_CATEGORY_OHEWI_misc_pos,Cyclical sine/cosine,One-Hot encoding with ignore,TRANS_MONTH_SIN,RECEIVE_CATEGORY_OHEWI,Ordinary cross-feature relationship,False,-0.0016828162754418863,Very weak or negligible,-0.0014812834826922862,Very weak or negligible,0.0016828162754418863,0.0014812834826922862,-0.00020153279274960005,0.00020153279274960005,0.0016828162754418863,False
TRANS_MONTH_SIN,RECEIVE_CATEGORY_OHEWI_personal_care,Cyclical sine/cosine,One-Hot encoding with ignore,TRANS_MONTH_SIN,RECEIVE_CATEGORY_OHEWI,Ordinary cross-feature relationship,False,-0.001281843617951548,Very weak or negligible,-0.0012793140689088232,Very weak or negligible,0.001281843617951548,0.0012793140689088232,-2.5295490427247255e-06,2.5295490427247255e-06,0.001281843617951548,False
TRANS_MONTH_SIN,RECEIVE_CATEGORY_OHEWI_shopping_net,Cyclical sine/cosine,One-Hot encoding with ignore,TRANS_MONTH_SIN,RECEIVE_CATEGORY_OHEWI,Ordinary cross-feature relationship,False,6.492409952714693e-05,Very weak or negligible,8.524398616887286e-05,Very weak or negligible,6.492409952714693e-05,8.524398616887286e-05,-2.0319886641725934e-05,2.0319886641725934e-05,8.524398616887286e-05,False
TRANS_MONTH_SIN,RECEIVE_CATEGORY_OHEWI_shopping_pos,Cyclical sine/cosine,One-Hot encoding with ignore,TRANS_MONTH_SIN,RECEIVE_CATEGORY_OHEWI,Ordinary cross-feature relationship,False,0.0004766237794781559,Very weak or negligible,0.00041222611638186077,Very weak or negligible,0.0004766237794781559,0.00041222611638186077,6.439766309629516e-05,6.439766309629516e-05,0.0004766237794781559,False
TRANS_MONTH_SIN,RECEIVE_CATEGORY_OHEWI_travel,Cyclical sine/cosine,One-Hot encoding with ignore,TRANS_MONTH_SIN,RECEIVE_CATEGORY_OHEWI,Ordinary cross-feature relationship,False,-0.000595140272482346,Very weak or negligible,-0.0006056080123428764,Very weak or negligible,0.000595140272482346,0.0006056080123428764,1.0467739860530378e-05,1.0467739860530378e-05,0.0006056080123428764,False
TRANS_MONTH_COS,TRANS_HOUR_SIN,Cyclical sine/cosine,Cyclical sine/cosine,TRANS_MONTH_COS,TRANS_HOUR_SIN,Ordinary cross-feature relationship,False,-0.0007973185276014595,Very weak or negligible,-0.0006112751757110558,Very weak or negligible,0.0007973185276014595,0.0006112751757110558,-0.00018604335189040364,0.00018604335189040364,0.0007973185276014595,False
TRANS_MONTH_COS,TRANS_HOUR_COS,Cyclical sine/cosine,Cyclical sine/cosine,TRANS_MONTH_COS,TRANS_HOUR_COS,Ordinary cross-feature relationship,False,0.0010933474860635858,Very weak or negligible,0.0012646582822259831,Very weak or negligible,0.0010933474860635858,0.0012646582822259831,-0.00017131079616239733,0.00017131079616239733,0.0012646582822259831,False
TRANS_MONTH_COS,TRANS_WEEK_OHEWI_Friday,Cyclical sine/cosine,One-Hot encoding with ignore,TRANS_MONTH_COS,TRANS_WEEK_OHEWI,Ordinary cross-feature relationship,False,-0.007586039363882566,Very weak or negligible,-0.007661448300982701,Very weak or negligible,0.007586039363882566,0.007661448300982701,7.540893710013524e-05,7.540893710013524e-05,0.007661448300982701,False
TRANS_MONTH_COS,TRANS_WEEK_OHEWI_Monday,Cyclical sine/cosine,One-Hot encoding with ignore,TRANS_MONTH_COS,TRANS_WEEK_OHEWI,Ordinary cross-feature relationship,False,-0.002676546644835561,Very weak or negligible,-0.0038517270215313736,Very weak or negligible,0.002676546644835561,0.0038517270215313736,0.0011751803766958126,0.0011751803766958126,0.0038517270215313736,False
TRANS_MONTH_COS,TRANS_WEEK_OHEWI_Saturday,Cyclical sine/cosine,One-Hot encoding with ignore,TRANS_MONTH_COS,TRANS_WEEK_OHEWI,Ordinary cross-feature relationship,False,-0.007605597514592646,Very weak or negligible,-0.00811475535531669,Very weak or negligible,0.007605597514592646,0.00811475535531669,0.0005091578407240447,0.0005091578407240447,0.00811475535531669,False
TRANS_MONTH_COS,TRANS_WEEK_OHEWI_Sunday,Cyclical sine/cosine,One-Hot encoding with ignore,TRANS_MONTH_COS,TRANS_WEEK_OHEWI,Ordinary cross-feature relationship,False,0.00010931623282342892,Very weak or negligible,0.0005471965111725459,Very weak or negligible,0.00010931623282342892,0.0005471965111725459,-0.000437880278349117,0.000437880278349117,0.0005471965111725459,False
TRANS_MONTH_COS,TRANS_WEEK_OHEWI_Thursday,Cyclical sine/cosine,One-Hot encoding with ignore,TRANS_MONTH_COS,TRANS_WEEK_OHEWI,Ordinary cross-feature relationship,False,0.005383870757804262,Very weak or negligible,0.006088151336101655,Very weak or negligible,0.005383870757804262,0.006088151336101655,-0.0007042805782973933,0.0007042805782973933,0.006088151336101655,False
TRANS_MONTH_COS,TRANS_WEEK_OHEWI_Tuesday,Cyclical sine/cosine,One-Hot encoding with ignore,TRANS_MONTH_COS,TRANS_WEEK_OHEWI,Ordinary cross-feature relationship,False,0.011417958323883674,Very weak or negligible,0.011926373592968836,Very weak or negligible,0.011417958323883674,0.011926373592968836,-0.000508415269085162,0.000508415269085162,0.011926373592968836,False
TRANS_MONTH_COS,TRANS_WEEK_OHEWI_Wednesday,Cyclical sine/cosine,One-Hot encoding with ignore,TRANS_MONTH_COS,TRANS_WEEK_OHEWI,Ordinary cross-feature relationship,False,0.0012919672115550352,Very weak or negligible,0.0016264407278807282,Very weak or negligible,0.0012919672115550352,0.0016264407278807282,-0.000334473516325693,0.000334473516325693,0.0016264407278807282,False
TRANS_MONTH_COS,RECEIVE_CATEGORY_OHEWI_entertainment,Cyclical sine/cosine,One-Hot encoding with ignore,TRANS_MONTH_COS,RECEIVE_CATEGORY_OHEWI,Ordinary cross-feature relationship,False,-3.863718568028818e-05,Very weak or negligible,-6.221826221718116e-05,Very weak or negligible,3.863718568028818e-05,6.221826221718116e-05,2.3581076536892983e-05,2.3581076536892983e-05,6.221826221718116e-05,False
TRANS_MONTH_COS,RECEIVE_CATEGORY_OHEWI_food_dining,Cyclical sine/cosine,One-Hot encoding with ignore,TRANS_MONTH_COS,RECEIVE_CATEGORY_OHEWI,Ordinary cross-feature relationship,False,-0.0009496814530925674,Very weak or negligible,-0.0008685552622030802,Very weak or negligible,0.0009496814530925674,0.0008685552622030802,-8.112619088948721e-05,8.112619088948721e-05,0.0009496814530925674,False
TRANS_MONTH_COS,RECEIVE_CATEGORY_OHEWI_gas_transport,Cyclical sine/cosine,One-Hot encoding with ignore,TRANS_MONTH_COS,RECEIVE_CATEGORY_OHEWI,Ordinary cross-feature relationship,False,-0.000853344118798115,Very weak or negligible,-0.0009926205413308545,Very weak or negligible,0.000853344118798115,0.0009926205413308545,0.0001392764225327395,0.0001392764225327395,0.0009926205413308545,False
TRANS_MONTH_COS,RECEIVE_CATEGORY_OHEWI_grocery_net,Cyclical sine/cosine,One-Hot encoding with ignore,TRANS_MONTH_COS,RECEIVE_CATEGORY_OHEWI,Ordinary cross-feature relationship,False,0.0008115278182466352,Very weak or negligible,0.0008913835264667255,Very weak or negligible,0.0008115278182466352,0.0008913835264667255,-7.985570822009031e-05,7.985570822009031e-05,0.0008913835264667255,False
TRANS_MONTH_COS,RECEIVE_CATEGORY_OHEWI_grocery_pos,Cyclical sine/cosine,One-Hot encoding with ignore,TRANS_MONTH_COS,RECEIVE_CATEGORY_OHEWI,Ordinary cross-feature relationship,False,0.00010424709792761642,Very weak or negligible,3.247722558312327e-05,Very weak or negligible,0.00010424709792761642,3.247722558312327e-05,7.176987234449315e-05,7.176987234449315e-05,0.00010424709792761642,False
TRANS_MONTH_COS,RECEIVE_CATEGORY_OHEWI_health_fitness,Cyclical sine/cosine,One-Hot encoding with ignore,TRANS_MONTH_COS,RECEIVE_CATEGORY_OHEWI,Ordinary cross-feature relationship,False,0.0004116537896388681,Very weak or negligible,0.00046484950709162686,Very weak or negligible,0.0004116537896388681,0.00046484950709162686,-5.319571745275874e-05,5.319571745275874e-05,0.00046484950709162686,False
TRANS_MONTH_COS,RECEIVE_CATEGORY_OHEWI_home,Cyclical sine/cosine,One-Hot encoding with ignore,TRANS_MONTH_COS,RECEIVE_CATEGORY_OHEWI,Ordinary cross-feature relationship,False,0.0016813043892289557,Very weak or negligible,0.001613386970023089,Very weak or negligible,0.0016813043892289557,0.001613386970023089,6.791741920586666e-05,6.791741920586666e-05,0.0016813043892289557,False
TRANS_MONTH_COS,RECEIVE_CATEGORY_OHEWI_kids_pets,Cyclical sine/cosine,One-Hot encoding with ignore,TRANS_MONTH_COS,RECEIVE_CATEGORY_OHEWI,Ordinary cross-feature relationship,False,-0.0011815253482434676,Very weak or negligible,-0.0011373758279674456,Very weak or negligible,0.0011815253482434676,0.0011373758279674456,-4.414952027602197e-05,4.414952027602197e-05,0.0011815253482434676,False
TRANS_MONTH_COS,RECEIVE_CATEGORY_OHEWI_misc_net,Cyclical sine/cosine,One-Hot encoding with ignore,TRANS_MONTH_COS,RECEIVE_CATEGORY_OHEWI,Ordinary cross-feature relationship,False,-0.0009430094124632009,Very weak or negligible,-0.0008649765158312391,Very weak or negligible,0.0009430094124632009,0.0008649765158312391,-7.803289663196183e-05,7.803289663196183e-05,0.0009430094124632009,False
TRANS_MONTH_COS,RECEIVE_CATEGORY_OHEWI_misc_pos,Cyclical sine/cosine,One-Hot encoding with ignore,TRANS_MONTH_COS,RECEIVE_CATEGORY_OHEWI,Ordinary cross-feature relationship,False,-0.00047739441908370574,Very weak or negligible,-0.000503393645395232,Very weak or negligible,0.00047739441908370574,0.000503393645395232,2.5999226311526288e-05,2.5999226311526288e-05,0.000503393645395232,False
TRANS_MONTH_COS,RECEIVE_CATEGORY_OHEWI_personal_care,Cyclical sine/cosine,One-Hot encoding with ignore,TRANS_MONTH_COS,RECEIVE_CATEGORY_OHEWI,Ordinary cross-feature relationship,False,-0.00047988966764999535,Very weak or negligible,-0.00047243031805602745,Very weak or negligible,0.00047988966764999535,0.00047243031805602745,-7.459349593967894e-06,7.459349593967894e-06,0.00047988966764999535,False
TRANS_MONTH_COS,RECEIVE_CATEGORY_OHEWI_shopping_net,Cyclical sine/cosine,One-Hot encoding with ignore,TRANS_MONTH_COS,RECEIVE_CATEGORY_OHEWI,Ordinary cross-feature relationship,False,0.0011595133814657067,Very weak or negligible,0.001165573987144615,Very weak or negligible,0.0011595133814657067,0.001165573987144615,-6.060605678908293e-06,6.060605678908293e-06,0.001165573987144615,False
TRANS_MONTH_COS,RECEIVE_CATEGORY_OHEWI_shopping_pos,Cyclical sine/cosine,One-Hot encoding with ignore,TRANS_MONTH_COS,RECEIVE_CATEGORY_OHEWI,Ordinary cross-feature relationship,False,0.0008489527703743105,Very weak or negligible,0.0009331113994380185,Very weak or negligible,0.0008489527703743105,0.0009331113994380185,-8.4158629063708e-05,8.4158629063708e-05,0.0009331113994380185,False
TRANS_MONTH_COS,RECEIVE_CATEGORY_OHEWI_travel,Cyclical sine/cosine,One-Hot encoding with ignore,TRANS_MONTH_COS,RECEIVE_CATEGORY_OHEWI,Ordinary cross-feature relationship,False,-0.00021623600356064477,Very weak or negligible,-0.0002747141884234982,Very weak or negligible,0.00021623600356064477,0.0002747141884234982,5.847818486285345e-05,5.847818486285345e-05,0.0002747141884234982,False
TRANS_HOUR_SIN,TRANS_HOUR_COS,Cyclical sine/cosine,Cyclical sine/cosine,TRANS_HOUR_SIN,TRANS_HOUR_COS,Same-cycle sine/cosine structural pair,True,0.0007748692792726904,Very weak or negligible,0.0017124700089243409,Very weak or negligible,0.0007748692792726904,0.0017124700089243409,-0.0009376007296516504,0.0009376007296516504,0.0017124700089243409,False
TRANS_HOUR_SIN,TRANS_WEEK_OHEWI_Friday,Cyclical sine/cosine,One-Hot encoding with ignore,TRANS_HOUR_SIN,TRANS_WEEK_OHEWI,Ordinary cross-feature relationship,False,0.0018058204094005563,Very weak or negligible,0.0019176935647168365,Very weak or negligible,0.0018058204094005563,0.0019176935647168365,-0.0001118731553162802,0.0001118731553162802,0.0019176935647168365,False
TRANS_HOUR_SIN,TRANS_WEEK_OHEWI_Monday,Cyclical sine/cosine,One-Hot encoding with ignore,TRANS_HOUR_SIN,TRANS_WEEK_OHEWI,Ordinary cross-feature relationship,False,-0.0015920071457567989,Very weak or negligible,-0.0015487374439878848,Very weak or negligible,0.0015920071457567989,0.0015487374439878848,-4.326970176891411e-05,4.326970176891411e-05,0.0015920071457567989,False
TRANS_HOUR_SIN,TRANS_WEEK_OHEWI_Saturday,Cyclical sine/cosine,One-Hot encoding with ignore,TRANS_HOUR_SIN,TRANS_WEEK_OHEWI,Ordinary cross-feature relationship,False,0.0002911373949916594,Very weak or negligible,2.5601289895501543e-05,Very weak or negligible,0.0002911373949916594,2.5601289895501543e-05,0.0002655361050961579,0.0002655361050961579,0.0002911373949916594,False
TRANS_HOUR_SIN,TRANS_WEEK_OHEWI_Sunday,Cyclical sine/cosine,One-Hot encoding with ignore,TRANS_HOUR_SIN,TRANS_WEEK_OHEWI,Ordinary cross-feature relationship,False,-0.0018203574128395005,Very weak or negligible,-0.0017862405650589212,Very weak or negligible,0.0018203574128395005,0.0017862405650589212,-3.4116847780579296e-05,3.4116847780579296e-05,0.0018203574128395005,False
TRANS_HOUR_SIN,TRANS_WEEK_OHEWI_Thursday,Cyclical sine/cosine,One-Hot encoding with ignore,TRANS_HOUR_SIN,TRANS_WEEK_OHEWI,Ordinary cross-feature relationship,False,0.0020986525218952097,Very weak or negligible,0.0022311319453217813,Very weak or negligible,0.0020986525218952097,0.0022311319453217813,-0.0001324794234265716,0.0001324794234265716,0.0022311319453217813,False
TRANS_HOUR_SIN,TRANS_WEEK_OHEWI_Tuesday,Cyclical sine/cosine,One-Hot encoding with ignore,TRANS_HOUR_SIN,TRANS_WEEK_OHEWI,Ordinary cross-feature relationship,False,0.0007037846504236744,Very weak or negligible,0.0007792187363996751,Very weak or negligible,0.0007037846504236744,0.0007792187363996751,-7.543408597600072e-05,7.543408597600072e-05,0.0007792187363996751,False
TRANS_HOUR_SIN,TRANS_WEEK_OHEWI_Wednesday,Cyclical sine/cosine,One-Hot encoding with ignore,TRANS_HOUR_SIN,TRANS_WEEK_OHEWI,Ordinary cross-feature relationship,False,-0.0008216593582297332,Very weak or negligible,-0.0009621906499183605,Very weak or negligible,0.0008216593582297332,0.0009621906499183605,0.0001405312916886273,0.0001405312916886273,0.0009621906499183605,False
TRANS_HOUR_SIN,RECEIVE_CATEGORY_OHEWI_entertainment,Cyclical sine/cosine,One-Hot encoding with ignore,TRANS_HOUR_SIN,RECEIVE_CATEGORY_OHEWI,Ordinary cross-feature relationship,False,-0.11193353695329744,Weak,-0.10556321281949713,Weak,0.11193353695329744,0.10556321281949713,-0.006370324133800315,0.006370324133800315,0.11193353695329744,False
TRANS_HOUR_SIN,RECEIVE_CATEGORY_OHEWI_food_dining,Cyclical sine/cosine,One-Hot encoding with ignore,TRANS_HOUR_SIN,RECEIVE_CATEGORY_OHEWI,Ordinary cross-feature relationship,False,-0.14350802005584445,Weak,-0.13560356668383497,Weak,0.14350802005584445,0.13560356668383497,-0.007904453372009485,0.007904453372009485,0.14350802005584445,False
TRANS_HOUR_SIN,RECEIVE_CATEGORY_OHEWI_gas_transport,Cyclical sine/cosine,One-Hot encoding with ignore,TRANS_HOUR_SIN,RECEIVE_CATEGORY_OHEWI,Ordinary cross-feature relationship,False,0.3753840280456533,Moderate,0.35437593907851245,Moderate,0.3753840280456533,0.35437593907851245,0.021008088967140848,0.021008088967140848,0.3753840280456533,False
TRANS_HOUR_SIN,RECEIVE_CATEGORY_OHEWI_grocery_net,Cyclical sine/cosine,One-Hot encoding with ignore,TRANS_HOUR_SIN,RECEIVE_CATEGORY_OHEWI,Ordinary cross-feature relationship,False,0.21260348905304904,Weak,0.2006004974758918,Weak,0.21260348905304904,0.2006004974758918,0.012002991577157257,0.012002991577157257,0.21260348905304904,False
TRANS_HOUR_SIN,RECEIVE_CATEGORY_OHEWI_grocery_pos,Cyclical sine/cosine,One-Hot encoding with ignore,TRANS_HOUR_SIN,RECEIVE_CATEGORY_OHEWI,Ordinary cross-feature relationship,False,0.35067011792049313,Moderate,0.3309784136113568,Moderate,0.35067011792049313,0.3309784136113568,0.019691704309136304,0.019691704309136304,0.35067011792049313,False
TRANS_HOUR_SIN,RECEIVE_CATEGORY_OHEWI_health_fitness,Cyclical sine/cosine,One-Hot encoding with ignore,TRANS_HOUR_SIN,RECEIVE_CATEGORY_OHEWI,Ordinary cross-feature relationship,False,-0.19194397438700908,Weak,-0.18136328652372136,Weak,0.19194397438700908,0.18136328652372136,-0.010580687863287724,0.010580687863287724,0.19194397438700908,False
TRANS_HOUR_SIN,RECEIVE_CATEGORY_OHEWI_home,Cyclical sine/cosine,One-Hot encoding with ignore,TRANS_HOUR_SIN,RECEIVE_CATEGORY_OHEWI,Ordinary cross-feature relationship,False,-0.23345719874383922,Weak,-0.22070444466361383,Weak,0.23345719874383922,0.22070444466361383,-0.012752754080225387,0.012752754080225387,0.23345719874383922,False
TRANS_HOUR_SIN,RECEIVE_CATEGORY_OHEWI_kids_pets,Cyclical sine/cosine,One-Hot encoding with ignore,TRANS_HOUR_SIN,RECEIVE_CATEGORY_OHEWI,Ordinary cross-feature relationship,False,-0.22254831294087446,Weak,-0.20999691708917512,Weak,0.22254831294087446,0.20999691708917512,-0.012551395851699343,0.012551395851699343,0.22254831294087446,False
TRANS_HOUR_SIN,RECEIVE_CATEGORY_OHEWI_misc_net,Cyclical sine/cosine,One-Hot encoding with ignore,TRANS_HOUR_SIN,RECEIVE_CATEGORY_OHEWI,Ordinary cross-feature relationship,False,0.175802999554113,Weak,0.16625637995185444,Weak,0.175802999554113,0.16625637995185444,0.009546619602258555,0.009546619602258555,0.175802999554113,False
TRANS_HOUR_SIN,RECEIVE_CATEGORY_OHEWI_misc_pos,Cyclical sine/cosine,One-Hot encoding with ignore,TRANS_HOUR_SIN,RECEIVE_CATEGORY_OHEWI,Ordinary cross-feature relationship,False,0.0839795852066377,Very weak or negligible,0.07937033397780373,Very weak or negligible,0.0839795852066377,0.07937033397780373,0.004609251228833974,0.004609251228833974,0.0839795852066377,False
TRANS_HOUR_SIN,RECEIVE_CATEGORY_OHEWI_personal_care,Cyclical sine/cosine,One-Hot encoding with ignore,TRANS_HOUR_SIN,RECEIVE_CATEGORY_OHEWI,Ordinary cross-feature relationship,False,-0.19799483532480844,Weak,-0.18711671503618404,Weak,0.19799483532480844,0.18711671503618404,-0.010878120288624393,0.010878120288624393,0.19799483532480844,False
TRANS_HOUR_SIN,RECEIVE_CATEGORY_OHEWI_shopping_net,Cyclical sine/cosine,One-Hot encoding with ignore,TRANS_HOUR_SIN,RECEIVE_CATEGORY_OHEWI,Ordinary cross-feature relationship,False,0.01796427184682943,Very weak or negligible,0.017337727400131814,Very weak or negligible,0.01796427184682943,0.017337727400131814,0.0006265444466976161,0.0006265444466976161,0.01796427184682943,False
TRANS_HOUR_SIN,RECEIVE_CATEGORY_OHEWI_shopping_pos,Cyclical sine/cosine,One-Hot encoding with ignore,TRANS_HOUR_SIN,RECEIVE_CATEGORY_OHEWI,Ordinary cross-feature relationship,False,-0.0015102529229525628,Very weak or negligible,-0.0014003064909888377,Very weak or negligible,0.0015102529229525628,0.0014003064909888377,-0.00010994643196372508,0.00010994643196372508,0.0015102529229525628,False
TRANS_HOUR_SIN,RECEIVE_CATEGORY_OHEWI_travel,Cyclical sine/cosine,One-Hot encoding with ignore,TRANS_HOUR_SIN,RECEIVE_CATEGORY_OHEWI,Ordinary cross-feature relationship,False,-0.1293165782916647,Weak,-0.1220338758669261,Weak,0.1293165782916647,0.1220338758669261,-0.007282702424738607,0.007282702424738607,0.1293165782916647,False
TRANS_HOUR_COS,TRANS_WEEK_OHEWI_Friday,Cyclical sine/cosine,One-Hot encoding with ignore,TRANS_HOUR_COS,TRANS_WEEK_OHEWI,Ordinary cross-feature relationship,False,-0.00020164986990213032,Very weak or negligible,-1.784930676576071e-05,Very weak or negligible,0.00020164986990213032,1.784930676576071e-05,-0.00018380056313636962,0.00018380056313636962,0.00020164986990213032,False
TRANS_HOUR_COS,TRANS_WEEK_OHEWI_Monday,Cyclical sine/cosine,One-Hot encoding with ignore,TRANS_HOUR_COS,TRANS_WEEK_OHEWI,Ordinary cross-feature relationship,False,-0.0004153231681444722,Very weak or negligible,-0.000559881686984418,Very weak or negligible,0.0004153231681444722,0.000559881686984418,0.00014455851883994576,0.00014455851883994576,0.000559881686984418,False
TRANS_HOUR_COS,TRANS_WEEK_OHEWI_Saturday,Cyclical sine/cosine,One-Hot encoding with ignore,TRANS_HOUR_COS,TRANS_WEEK_OHEWI,Ordinary cross-feature relationship,False,-0.0003846231331396581,Very weak or negligible,-0.00028370040187591813,Very weak or negligible,0.0003846231331396581,0.00028370040187591813,-0.00010092273126373997,0.00010092273126373997,0.0003846231331396581,False
TRANS_HOUR_COS,TRANS_WEEK_OHEWI_Sunday,Cyclical sine/cosine,One-Hot encoding with ignore,TRANS_HOUR_COS,TRANS_WEEK_OHEWI,Ordinary cross-feature relationship,False,0.00041222235642017914,Very weak or negligible,0.0003617339591056231,Very weak or negligible,0.00041222235642017914,0.0003617339591056231,5.048839731455605e-05,5.048839731455605e-05,0.00041222235642017914,False
TRANS_HOUR_COS,TRANS_WEEK_OHEWI_Thursday,Cyclical sine/cosine,One-Hot encoding with ignore,TRANS_HOUR_COS,TRANS_WEEK_OHEWI,Ordinary cross-feature relationship,False,-0.000310378546467187,Very weak or negligible,-0.00039929472809319285,Very weak or negligible,0.000310378546467187,0.00039929472809319285,8.891618162600588e-05,8.891618162600588e-05,0.00039929472809319285,False
TRANS_HOUR_COS,TRANS_WEEK_OHEWI_Tuesday,Cyclical sine/cosine,One-Hot encoding with ignore,TRANS_HOUR_COS,TRANS_WEEK_OHEWI,Ordinary cross-feature relationship,False,-0.0004788312447812884,Very weak or negligible,-0.0004637506425100675,Very weak or negligible,0.0004788312447812884,0.0004637506425100675,-1.5080602271220849e-05,1.5080602271220849e-05,0.0004788312447812884,False
TRANS_HOUR_COS,TRANS_WEEK_OHEWI_Wednesday,Cyclical sine/cosine,One-Hot encoding with ignore,TRANS_HOUR_COS,TRANS_WEEK_OHEWI,Ordinary cross-feature relationship,False,0.0015763059984926439,Very weak or negligible,0.0015961781151660047,Very weak or negligible,0.0015763059984926439,0.0015961781151660047,-1.987211667336085e-05,1.987211667336085e-05,0.0015961781151660047,False
TRANS_HOUR_COS,RECEIVE_CATEGORY_OHEWI_entertainment,Cyclical sine/cosine,One-Hot encoding with ignore,TRANS_HOUR_COS,RECEIVE_CATEGORY_OHEWI,Ordinary cross-feature relationship,False,-0.0007800867763041742,Very weak or negligible,-0.0008084810866290948,Very weak or negligible,0.0007800867763041742,0.0008084810866290948,2.8394310324920654e-05,2.8394310324920654e-05,0.0008084810866290948,False
TRANS_HOUR_COS,RECEIVE_CATEGORY_OHEWI_food_dining,Cyclical sine/cosine,One-Hot encoding with ignore,TRANS_HOUR_COS,RECEIVE_CATEGORY_OHEWI,Ordinary cross-feature relationship,False,0.00013287552574288054,Very weak or negligible,3.570251286082485e-05,Very weak or negligible,0.00013287552574288054,3.570251286082485e-05,9.717301288205568e-05,9.717301288205568e-05,0.00013287552574288054,False
TRANS_HOUR_COS,RECEIVE_CATEGORY_OHEWI_gas_transport,Cyclical sine/cosine,One-Hot encoding with ignore,TRANS_HOUR_COS,RECEIVE_CATEGORY_OHEWI,Ordinary cross-feature relationship,False,-0.0004101894653619292,Very weak or negligible,-0.0005456252254948602,Very weak or negligible,0.0004101894653619292,0.0005456252254948602,0.00013543576013293098,0.00013543576013293098,0.0005456252254948602,False
TRANS_HOUR_COS,RECEIVE_CATEGORY_OHEWI_grocery_net,Cyclical sine/cosine,One-Hot encoding with ignore,TRANS_HOUR_COS,RECEIVE_CATEGORY_OHEWI,Ordinary cross-feature relationship,False,0.00013036764432339484,Very weak or negligible,2.0937067568586268e-05,Very weak or negligible,0.00013036764432339484,2.0937067568586268e-05,0.00010943057675480857,0.00010943057675480857,0.00013036764432339484,False
TRANS_HOUR_COS,RECEIVE_CATEGORY_OHEWI_grocery_pos,Cyclical sine/cosine,One-Hot encoding with ignore,TRANS_HOUR_COS,RECEIVE_CATEGORY_OHEWI,Ordinary cross-feature relationship,False,0.0021166004645720806,Very weak or negligible,0.0020247770886597165,Very weak or negligible,0.0021166004645720806,0.0020247770886597165,9.182337591236416e-05,9.182337591236416e-05,0.0021166004645720806,False
TRANS_HOUR_COS,RECEIVE_CATEGORY_OHEWI_health_fitness,Cyclical sine/cosine,One-Hot encoding with ignore,TRANS_HOUR_COS,RECEIVE_CATEGORY_OHEWI,Ordinary cross-feature relationship,False,-0.0018827820864041056,Very weak or negligible,-0.0018755051840145555,Very weak or negligible,0.0018827820864041056,0.0018755051840145555,-7.27690238955009e-06,7.27690238955009e-06,0.0018827820864041056,False
TRANS_HOUR_COS,RECEIVE_CATEGORY_OHEWI_home,Cyclical sine/cosine,One-Hot encoding with ignore,TRANS_HOUR_COS,RECEIVE_CATEGORY_OHEWI,Ordinary cross-feature relationship,False,-0.0007414439743329057,Very weak or negligible,-0.0007743104146562376,Very weak or negligible,0.0007414439743329057,0.0007743104146562376,3.2866440323331826e-05,3.2866440323331826e-05,0.0007743104146562376,False
TRANS_HOUR_COS,RECEIVE_CATEGORY_OHEWI_kids_pets,Cyclical sine/cosine,One-Hot encoding with ignore,TRANS_HOUR_COS,RECEIVE_CATEGORY_OHEWI,Ordinary cross-feature relationship,False,-0.0012819845956761925,Very weak or negligible,-0.0012791040579527154,Very weak or negligible,0.0012819845956761925,0.0012791040579527154,-2.8805377234771e-06,2.8805377234771e-06,0.0012819845956761925,False
TRANS_HOUR_COS,RECEIVE_CATEGORY_OHEWI_misc_net,Cyclical sine/cosine,One-Hot encoding with ignore,TRANS_HOUR_COS,RECEIVE_CATEGORY_OHEWI,Ordinary cross-feature relationship,False,0.0022496619678629417,Very weak or negligible,0.002429332754880084,Very weak or negligible,0.0022496619678629417,0.002429332754880084,-0.00017967078701714226,0.00017967078701714226,0.002429332754880084,False
TRANS_HOUR_COS,RECEIVE_CATEGORY_OHEWI_misc_pos,Cyclical sine/cosine,One-Hot encoding with ignore,TRANS_HOUR_COS,RECEIVE_CATEGORY_OHEWI,Ordinary cross-feature relationship,False,-0.0013322758247967907,Very weak or negligible,-0.0013482867190195151,Very weak or negligible,0.0013322758247967907,0.0013482867190195151,1.601089422272441e-05,1.601089422272441e-05,0.0013482867190195151,False
TRANS_HOUR_COS,RECEIVE_CATEGORY_OHEWI_personal_care,Cyclical sine/cosine,One-Hot encoding with ignore,TRANS_HOUR_COS,RECEIVE_CATEGORY_OHEWI,Ordinary cross-feature relationship,False,-9.915440745300151e-05,Very weak or negligible,-0.00022777211636782607,Very weak or negligible,9.915440745300151e-05,0.00022777211636782607,0.00012861770891482455,0.00012861770891482455,0.00022777211636782607,False
TRANS_HOUR_COS,RECEIVE_CATEGORY_OHEWI_shopping_net,Cyclical sine/cosine,One-Hot encoding with ignore,TRANS_HOUR_COS,RECEIVE_CATEGORY_OHEWI,Ordinary cross-feature relationship,False,0.003181471040431468,Very weak or negligible,0.0035533617922196103,Very weak or negligible,0.003181471040431468,0.0035533617922196103,-0.0003718907517881423,0.0003718907517881423,0.0035533617922196103,False
TRANS_HOUR_COS,RECEIVE_CATEGORY_OHEWI_shopping_pos,Cyclical sine/cosine,One-Hot encoding with ignore,TRANS_HOUR_COS,RECEIVE_CATEGORY_OHEWI,Ordinary cross-feature relationship,False,-0.0010486644112393943,Very weak or negligible,-0.0009371866635137205,Very weak or negligible,0.0010486644112393943,0.0009371866635137205,-0.00011147774772567371,0.00011147774772567371,0.0010486644112393943,False
TRANS_HOUR_COS,RECEIVE_CATEGORY_OHEWI_travel,Cyclical sine/cosine,One-Hot encoding with ignore,TRANS_HOUR_COS,RECEIVE_CATEGORY_OHEWI,Ordinary cross-feature relationship,False,8.837010278060995e-05,Very weak or negligible,6.079211418976692e-05,Very weak or negligible,8.837010278060995e-05,6.079211418976692e-05,2.7577988590843028e-05,2.7577988590843028e-05,8.837010278060995e-05,False
TRANS_WEEK_OHEWI_Friday,TRANS_WEEK_OHEWI_Monday,One-Hot encoding with ignore,One-Hot encoding with ignore,TRANS_WEEK_OHEWI,TRANS_WEEK_OHEWI,Same-source OHE structural exclusivity,True,-0.18089381034650417,Weak,-0.18089381034650417,Weak,0.18089381034650417,0.18089381034650417,0.0,0.0,0.18089381034650417,False
TRANS_WEEK_OHEWI_Friday,TRANS_WEEK_OHEWI_Saturday,One-Hot encoding with ignore,One-Hot encoding with ignore,TRANS_WEEK_OHEWI,TRANS_WEEK_OHEWI,Same-source OHE structural exclusivity,True,-0.14750685034448913,Weak,-0.14750685034448913,Weak,0.14750685034448913,0.14750685034448913,0.0,0.0,0.14750685034448913,False
TRANS_WEEK_OHEWI_Friday,TRANS_WEEK_OHEWI_Sunday,One-Hot encoding with ignore,One-Hot encoding with ignore,TRANS_WEEK_OHEWI,TRANS_WEEK_OHEWI,Same-source OHE structural exclusivity,True,-0.17298286435517418,Weak,-0.17298286435517418,Weak,0.17298286435517418,0.17298286435517418,0.0,0.0,0.17298286435517418,False
TRANS_WEEK_OHEWI_Friday,TRANS_WEEK_OHEWI_Thursday,One-Hot encoding with ignore,One-Hot encoding with ignore,TRANS_WEEK_OHEWI,TRANS_WEEK_OHEWI,Same-source OHE structural exclusivity,True,-0.12846236559715093,Weak,-0.12846236559715093,Weak,0.12846236559715093,0.12846236559715093,0.0,0.0,0.12846236559715093,False
TRANS_WEEK_OHEWI_Friday,TRANS_WEEK_OHEWI_Tuesday,One-Hot encoding with ignore,One-Hot encoding with ignore,TRANS_WEEK_OHEWI,TRANS_WEEK_OHEWI,Same-source OHE structural exclusivity,True,-0.1498222258530919,Weak,-0.1498222258530919,Weak,0.1498222258530919,0.1498222258530919,0.0,0.0,0.1498222258530919,False
TRANS_WEEK_OHEWI_Friday,TRANS_WEEK_OHEWI_Wednesday,One-Hot encoding with ignore,One-Hot encoding with ignore,TRANS_WEEK_OHEWI,TRANS_WEEK_OHEWI,Same-source OHE structural exclusivity,True,-0.12033094389417837,Weak,-0.12033094389417837,Weak,0.12033094389417837,0.12033094389417837,0.0,0.0,0.12033094389417837,False
TRANS_WEEK_OHEWI_Friday,RECEIVE_CATEGORY_OHEWI_entertainment,One-Hot encoding with ignore,One-Hot encoding with ignore,TRANS_WEEK_OHEWI,RECEIVE_CATEGORY_OHEWI,Ordinary cross-feature relationship,False,-0.00017680205330697845,Very weak or negligible,-0.00017680205330697845,Very weak or negligible,0.00017680205330697845,0.00017680205330697845,0.0,0.0,0.00017680205330697845,False
TRANS_WEEK_OHEWI_Friday,RECEIVE_CATEGORY_OHEWI_food_dining,One-Hot encoding with ignore,One-Hot encoding with ignore,TRANS_WEEK_OHEWI,RECEIVE_CATEGORY_OHEWI,Ordinary cross-feature relationship,False,0.0007783867635949264,Very weak or negligible,0.0007783867635949264,Very weak or negligible,0.0007783867635949264,0.0007783867635949264,0.0,0.0,0.0007783867635949264,False
TRANS_WEEK_OHEWI_Friday,RECEIVE_CATEGORY_OHEWI_gas_transport,One-Hot encoding with ignore,One-Hot encoding with ignore,TRANS_WEEK_OHEWI,RECEIVE_CATEGORY_OHEWI,Ordinary cross-feature relationship,False,0.0007773173950054852,Very weak or negligible,0.0007773173950054852,Very weak or negligible,0.0007773173950054852,0.0007773173950054852,0.0,0.0,0.0007773173950054852,False
TRANS_WEEK_OHEWI_Friday,RECEIVE_CATEGORY_OHEWI_grocery_net,One-Hot encoding with ignore,One-Hot encoding with ignore,TRANS_WEEK_OHEWI,RECEIVE_CATEGORY_OHEWI,Ordinary cross-feature relationship,False,-0.00018207207161731836,Very weak or negligible,-0.00018207207161731836,Very weak or negligible,0.00018207207161731836,0.00018207207161731836,0.0,0.0,0.00018207207161731836,False
TRANS_WEEK_OHEWI_Friday,RECEIVE_CATEGORY_OHEWI_grocery_pos,One-Hot encoding with ignore,One-Hot encoding with ignore,TRANS_WEEK_OHEWI,RECEIVE_CATEGORY_OHEWI,Ordinary cross-feature relationship,False,0.002187271350287604,Very weak or negligible,0.002187271350287604,Very weak or negligible,0.002187271350287604,0.002187271350287604,0.0,0.0,0.002187271350287604,False
TRANS_WEEK_OHEWI_Friday,RECEIVE_CATEGORY_OHEWI_health_fitness,One-Hot encoding with ignore,One-Hot encoding with ignore,TRANS_WEEK_OHEWI,RECEIVE_CATEGORY_OHEWI,Ordinary cross-feature relationship,False,-0.0020840451044740623,Very weak or negligible,-0.0020840451044740623,Very weak or negligible,0.0020840451044740623,0.0020840451044740623,0.0,0.0,0.0020840451044740623,False
TRANS_WEEK_OHEWI_Friday,RECEIVE_CATEGORY_OHEWI_home,One-Hot encoding with ignore,One-Hot encoding with ignore,TRANS_WEEK_OHEWI,RECEIVE_CATEGORY_OHEWI,Ordinary cross-feature relationship,False,0.0009303485308035766,Very weak or negligible,0.0009303485308035766,Very weak or negligible,0.0009303485308035766,0.0009303485308035766,0.0,0.0,0.0009303485308035766,False
TRANS_WEEK_OHEWI_Friday,RECEIVE_CATEGORY_OHEWI_kids_pets,One-Hot encoding with ignore,One-Hot encoding with ignore,TRANS_WEEK_OHEWI,RECEIVE_CATEGORY_OHEWI,Ordinary cross-feature relationship,False,0.00022195605510038678,Very weak or negligible,0.00022195605510038678,Very weak or negligible,0.00022195605510038678,0.00022195605510038678,0.0,0.0,0.00022195605510038678,False
TRANS_WEEK_OHEWI_Friday,RECEIVE_CATEGORY_OHEWI_misc_net,One-Hot encoding with ignore,One-Hot encoding with ignore,TRANS_WEEK_OHEWI,RECEIVE_CATEGORY_OHEWI,Ordinary cross-feature relationship,False,-0.00027077690494100855,Very weak or negligible,-0.00027077690494100855,Very weak or negligible,0.00027077690494100855,0.00027077690494100855,0.0,0.0,0.00027077690494100855,False
TRANS_WEEK_OHEWI_Friday,RECEIVE_CATEGORY_OHEWI_misc_pos,One-Hot encoding with ignore,One-Hot encoding with ignore,TRANS_WEEK_OHEWI,RECEIVE_CATEGORY_OHEWI,Ordinary cross-feature relationship,False,-0.0008470654246628948,Very weak or negligible,-0.0008470654246628948,Very weak or negligible,0.0008470654246628948,0.0008470654246628948,0.0,0.0,0.0008470654246628948,False
TRANS_WEEK_OHEWI_Friday,RECEIVE_CATEGORY_OHEWI_personal_care,One-Hot encoding with ignore,One-Hot encoding with ignore,TRANS_WEEK_OHEWI,RECEIVE_CATEGORY_OHEWI,Ordinary cross-feature relationship,False,-0.0008238578836275386,Very weak or negligible,-0.0008238578836275386,Very weak or negligible,0.0008238578836275386,0.0008238578836275386,0.0,0.0,0.0008238578836275386,False
TRANS_WEEK_OHEWI_Friday,RECEIVE_CATEGORY_OHEWI_shopping_net,One-Hot encoding with ignore,One-Hot encoding with ignore,TRANS_WEEK_OHEWI,RECEIVE_CATEGORY_OHEWI,Ordinary cross-feature relationship,False,0.0002401414465884973,Very weak or negligible,0.0002401414465884973,Very weak or negligible,0.0002401414465884973,0.0002401414465884973,0.0,0.0,0.0002401414465884973,False
TRANS_WEEK_OHEWI_Friday,RECEIVE_CATEGORY_OHEWI_shopping_pos,One-Hot encoding with ignore,One-Hot encoding with ignore,TRANS_WEEK_OHEWI,RECEIVE_CATEGORY_OHEWI,Ordinary cross-feature relationship,False,-0.0008585622655526545,Very weak or negligible,-0.0008585622655526545,Very weak or negligible,0.0008585622655526545,0.0008585622655526545,0.0,0.0,0.0008585622655526545,False
TRANS_WEEK_OHEWI_Friday,RECEIVE_CATEGORY_OHEWI_travel,One-Hot encoding with ignore,One-Hot encoding with ignore,TRANS_WEEK_OHEWI,RECEIVE_CATEGORY_OHEWI,Ordinary cross-feature relationship,False,-0.0009114534317499434,Very weak or negligible,-0.0009114534317499434,Very weak or negligible,0.0009114534317499434,0.0009114534317499434,0.0,0.0,0.0009114534317499434,False
TRANS_WEEK_OHEWI_Monday,TRANS_WEEK_OHEWI_Saturday,One-Hot encoding with ignore,One-Hot encoding with ignore,TRANS_WEEK_OHEWI,TRANS_WEEK_OHEWI,Same-source OHE structural exclusivity,True,-0.20312922572058761,Weak,-0.20312922572058761,Weak,0.20312922572058761,0.20312922572058761,0.0,0.0,0.20312922572058761,False
TRANS_WEEK_OHEWI_Monday,TRANS_WEEK_OHEWI_Sunday,One-Hot encoding with ignore,One-Hot encoding with ignore,TRANS_WEEK_OHEWI,TRANS_WEEK_OHEWI,Same-source OHE structural exclusivity,True,-0.23821182011096162,Weak,-0.23821182011096162,Weak,0.23821182011096162,0.23821182011096162,0.0,0.0,0.23821182011096162,False
TRANS_WEEK_OHEWI_Monday,TRANS_WEEK_OHEWI_Thursday,One-Hot encoding with ignore,One-Hot encoding with ignore,TRANS_WEEK_OHEWI,TRANS_WEEK_OHEWI,Same-source OHE structural exclusivity,True,-0.1769033831109744,Weak,-0.1769033831109744,Weak,0.1769033831109744,0.1769033831109744,0.0,0.0,0.1769033831109744,False
TRANS_WEEK_OHEWI_Monday,TRANS_WEEK_OHEWI_Tuesday,One-Hot encoding with ignore,One-Hot encoding with ignore,TRANS_WEEK_OHEWI,TRANS_WEEK_OHEWI,Same-source OHE structural exclusivity,True,-0.20631769075266246,Weak,-0.20631769075266246,Weak,0.20631769075266246,0.20631769075266246,0.0,0.0,0.20631769075266246,False
TRANS_WEEK_OHEWI_Monday,TRANS_WEEK_OHEWI_Wednesday,One-Hot encoding with ignore,One-Hot encoding with ignore,TRANS_WEEK_OHEWI,TRANS_WEEK_OHEWI,Same-source OHE structural exclusivity,True,-0.16570573777670736,Weak,-0.16570573777670736,Weak,0.16570573777670736,0.16570573777670736,0.0,0.0,0.16570573777670736,False
TRANS_WEEK_OHEWI_Monday,RECEIVE_CATEGORY_OHEWI_entertainment,One-Hot encoding with ignore,One-Hot encoding with ignore,TRANS_WEEK_OHEWI,RECEIVE_CATEGORY_OHEWI,Ordinary cross-feature relationship,False,0.0006788027590291228,Very weak or negligible,0.0006788027590291228,Very weak or negligible,0.0006788027590291228,0.0006788027590291228,0.0,0.0,0.0006788027590291228,False
TRANS_WEEK_OHEWI_Monday,RECEIVE_CATEGORY_OHEWI_food_dining,One-Hot encoding with ignore,One-Hot encoding with ignore,TRANS_WEEK_OHEWI,RECEIVE_CATEGORY_OHEWI,Ordinary cross-feature relationship,False,0.0013033353228877277,Very weak or negligible,0.0013033353228877277,Very weak or negligible,0.0013033353228877277,0.0013033353228877277,0.0,0.0,0.0013033353228877277,False
TRANS_WEEK_OHEWI_Monday,RECEIVE_CATEGORY_OHEWI_gas_transport,One-Hot encoding with ignore,One-Hot encoding with ignore,TRANS_WEEK_OHEWI,RECEIVE_CATEGORY_OHEWI,Ordinary cross-feature relationship,False,-9.495489514501994e-06,Very weak or negligible,-9.495489514501994e-06,Very weak or negligible,9.495489514501994e-06,9.495489514501994e-06,0.0,0.0,9.495489514501994e-06,False
TRANS_WEEK_OHEWI_Monday,RECEIVE_CATEGORY_OHEWI_grocery_net,One-Hot encoding with ignore,One-Hot encoding with ignore,TRANS_WEEK_OHEWI,RECEIVE_CATEGORY_OHEWI,Ordinary cross-feature relationship,False,0.000893306303718017,Very weak or negligible,0.000893306303718017,Very weak or negligible,0.000893306303718017,0.000893306303718017,0.0,0.0,0.000893306303718017,False
TRANS_WEEK_OHEWI_Monday,RECEIVE_CATEGORY_OHEWI_grocery_pos,One-Hot encoding with ignore,One-Hot encoding with ignore,TRANS_WEEK_OHEWI,RECEIVE_CATEGORY_OHEWI,Ordinary cross-feature relationship,False,-0.0029395314383061574,Very weak or negligible,-0.0029395314383061574,Very weak or negligible,0.0029395314383061574,0.0029395314383061574,0.0,0.0,0.0029395314383061574,False
TRANS_WEEK_OHEWI_Monday,RECEIVE_CATEGORY_OHEWI_health_fitness,One-Hot encoding with ignore,One-Hot encoding with ignore,TRANS_WEEK_OHEWI,RECEIVE_CATEGORY_OHEWI,Ordinary cross-feature relationship,False,0.0002912453316745836,Very weak or negligible,0.0002912453316745836,Very weak or negligible,0.0002912453316745836,0.0002912453316745836,0.0,0.0,0.0002912453316745836,False
TRANS_WEEK_OHEWI_Monday,RECEIVE_CATEGORY_OHEWI_home,One-Hot encoding with ignore,One-Hot encoding with ignore,TRANS_WEEK_OHEWI,RECEIVE_CATEGORY_OHEWI,Ordinary cross-feature relationship,False,-0.000542217053263386,Very weak or negligible,-0.000542217053263386,Very weak or negligible,0.000542217053263386,0.000542217053263386,0.0,0.0,0.000542217053263386,False
TRANS_WEEK_OHEWI_Monday,RECEIVE_CATEGORY_OHEWI_kids_pets,One-Hot encoding with ignore,One-Hot encoding with ignore,TRANS_WEEK_OHEWI,RECEIVE_CATEGORY_OHEWI,Ordinary cross-feature relationship,False,-0.0004871576558028831,Very weak or negligible,-0.0004871576558028831,Very weak or negligible,0.0004871576558028831,0.0004871576558028831,0.0,0.0,0.0004871576558028831,False
TRANS_WEEK_OHEWI_Monday,RECEIVE_CATEGORY_OHEWI_misc_net,One-Hot encoding with ignore,One-Hot encoding with ignore,TRANS_WEEK_OHEWI,RECEIVE_CATEGORY_OHEWI,Ordinary cross-feature relationship,False,0.0005893843017497799,Very weak or negligible,0.0005893843017497799,Very weak or negligible,0.0005893843017497799,0.0005893843017497799,0.0,0.0,0.0005893843017497799,False
TRANS_WEEK_OHEWI_Monday,RECEIVE_CATEGORY_OHEWI_misc_pos,One-Hot encoding with ignore,One-Hot encoding with ignore,TRANS_WEEK_OHEWI,RECEIVE_CATEGORY_OHEWI,Ordinary cross-feature relationship,False,-0.001777009076287828,Very weak or negligible,-0.001777009076287828,Very weak or negligible,0.001777009076287828,0.001777009076287828,0.0,0.0,0.001777009076287828,False
TRANS_WEEK_OHEWI_Monday,RECEIVE_CATEGORY_OHEWI_personal_care,One-Hot encoding with ignore,One-Hot encoding with ignore,TRANS_WEEK_OHEWI,RECEIVE_CATEGORY_OHEWI,Ordinary cross-feature relationship,False,4.491626539401718e-05,Very weak or negligible,4.491626539401718e-05,Very weak or negligible,4.491626539401718e-05,4.491626539401718e-05,0.0,0.0,4.491626539401718e-05,False
TRANS_WEEK_OHEWI_Monday,RECEIVE_CATEGORY_OHEWI_shopping_net,One-Hot encoding with ignore,One-Hot encoding with ignore,TRANS_WEEK_OHEWI,RECEIVE_CATEGORY_OHEWI,Ordinary cross-feature relationship,False,0.0002939720587445113,Very weak or negligible,0.0002939720587445113,Very weak or negligible,0.0002939720587445113,0.0002939720587445113,0.0,0.0,0.0002939720587445113,False
TRANS_WEEK_OHEWI_Monday,RECEIVE_CATEGORY_OHEWI_shopping_pos,One-Hot encoding with ignore,One-Hot encoding with ignore,TRANS_WEEK_OHEWI,RECEIVE_CATEGORY_OHEWI,Ordinary cross-feature relationship,False,0.0010427610923481067,Very weak or negligible,0.0010427610923481067,Very weak or negligible,0.0010427610923481067,0.0010427610923481067,0.0,0.0,0.0010427610923481067,False
TRANS_WEEK_OHEWI_Monday,RECEIVE_CATEGORY_OHEWI_travel,One-Hot encoding with ignore,One-Hot encoding with ignore,TRANS_WEEK_OHEWI,RECEIVE_CATEGORY_OHEWI,Ordinary cross-feature relationship,False,0.0018857367270545189,Very weak or negligible,0.0018857367270545189,Very weak or negligible,0.0018857367270545189,0.0018857367270545189,0.0,0.0,0.0018857367270545189,False
TRANS_WEEK_OHEWI_Saturday,TRANS_WEEK_OHEWI_Sunday,One-Hot encoding with ignore,One-Hot encoding with ignore,TRANS_WEEK_OHEWI,TRANS_WEEK_OHEWI,Same-source OHE structural exclusivity,True,-0.19424586851307385,Weak,-0.19424586851307385,Weak,0.19424586851307385,0.19424586851307385,0.0,0.0,0.19424586851307385,False
TRANS_WEEK_OHEWI_Saturday,TRANS_WEEK_OHEWI_Thursday,One-Hot encoding with ignore,One-Hot encoding with ignore,TRANS_WEEK_OHEWI,TRANS_WEEK_OHEWI,Same-source OHE structural exclusivity,True,-0.14425292279487106,Weak,-0.14425292279487106,Weak,0.14425292279487106,0.14425292279487106,0.0,0.0,0.14425292279487106,False
TRANS_WEEK_OHEWI_Saturday,TRANS_WEEK_OHEWI_Tuesday,One-Hot encoding with ignore,One-Hot encoding with ignore,TRANS_WEEK_OHEWI,TRANS_WEEK_OHEWI,Same-source OHE structural exclusivity,True,-0.1682383309576944,Weak,-0.1682383309576944,Weak,0.1682383309576944,0.1682383309576944,0.0,0.0,0.1682383309576944,False
TRANS_WEEK_OHEWI_Saturday,TRANS_WEEK_OHEWI_Wednesday,One-Hot encoding with ignore,One-Hot encoding with ignore,TRANS_WEEK_OHEWI,TRANS_WEEK_OHEWI,Same-source OHE structural exclusivity,True,-0.13512198906436654,Weak,-0.13512198906436654,Weak,0.13512198906436654,0.13512198906436654,0.0,0.0,0.13512198906436654,False
TRANS_WEEK_OHEWI_Saturday,RECEIVE_CATEGORY_OHEWI_entertainment,One-Hot encoding with ignore,One-Hot encoding with ignore,TRANS_WEEK_OHEWI,RECEIVE_CATEGORY_OHEWI,Ordinary cross-feature relationship,False,0.00050533773816839,Very weak or negligible,0.00050533773816839,Very weak or negligible,0.00050533773816839,0.00050533773816839,0.0,0.0,0.00050533773816839,False
TRANS_WEEK_OHEWI_Saturday,RECEIVE_CATEGORY_OHEWI_food_dining,One-Hot encoding with ignore,One-Hot encoding with ignore,TRANS_WEEK_OHEWI,RECEIVE_CATEGORY_OHEWI,Ordinary cross-feature relationship,False,-0.0014230407743912618,Very weak or negligible,-0.0014230407743912618,Very weak or negligible,0.0014230407743912618,0.0014230407743912618,0.0,0.0,0.0014230407743912618,False
TRANS_WEEK_OHEWI_Saturday,RECEIVE_CATEGORY_OHEWI_gas_transport,One-Hot encoding with ignore,One-Hot encoding with ignore,TRANS_WEEK_OHEWI,RECEIVE_CATEGORY_OHEWI,Ordinary cross-feature relationship,False,0.0009670911081113626,Very weak or negligible,0.0009670911081113626,Very weak or negligible,0.0009670911081113626,0.0009670911081113626,0.0,0.0,0.0009670911081113626,False
TRANS_WEEK_OHEWI_Saturday,RECEIVE_CATEGORY_OHEWI_grocery_net,One-Hot encoding with ignore,One-Hot encoding with ignore,TRANS_WEEK_OHEWI,RECEIVE_CATEGORY_OHEWI,Ordinary cross-feature relationship,False,-0.0006999635217348406,Very weak or negligible,-0.0006999635217348406,Very weak or negligible,0.0006999635217348406,0.0006999635217348406,0.0,0.0,0.0006999635217348406,False
TRANS_WEEK_OHEWI_Saturday,RECEIVE_CATEGORY_OHEWI_grocery_pos,One-Hot encoding with ignore,One-Hot encoding with ignore,TRANS_WEEK_OHEWI,RECEIVE_CATEGORY_OHEWI,Ordinary cross-feature relationship,False,0.0007646368052952879,Very weak or negligible,0.0007646368052952879,Very weak or negligible,0.0007646368052952879,0.0007646368052952879,0.0,0.0,0.0007646368052952879,False
TRANS_WEEK_OHEWI_Saturday,RECEIVE_CATEGORY_OHEWI_health_fitness,One-Hot encoding with ignore,One-Hot encoding with ignore,TRANS_WEEK_OHEWI,RECEIVE_CATEGORY_OHEWI,Ordinary cross-feature relationship,False,0.000684858449771485,Very weak or negligible,0.000684858449771485,Very weak or negligible,0.000684858449771485,0.000684858449771485,0.0,0.0,0.000684858449771485,False
TRANS_WEEK_OHEWI_Saturday,RECEIVE_CATEGORY_OHEWI_home,One-Hot encoding with ignore,One-Hot encoding with ignore,TRANS_WEEK_OHEWI,RECEIVE_CATEGORY_OHEWI,Ordinary cross-feature relationship,False,-0.0007024429038066824,Very weak or negligible,-0.0007024429038066824,Very weak or negligible,0.0007024429038066824,0.0007024429038066824,0.0,0.0,0.0007024429038066824,False
TRANS_WEEK_OHEWI_Saturday,RECEIVE_CATEGORY_OHEWI_kids_pets,One-Hot encoding with ignore,One-Hot encoding with ignore,TRANS_WEEK_OHEWI,RECEIVE_CATEGORY_OHEWI,Ordinary cross-feature relationship,False,0.00042960886957459576,Very weak or negligible,0.00042960886957459576,Very weak or negligible,0.00042960886957459576,0.00042960886957459576,0.0,0.0,0.00042960886957459576,False
TRANS_WEEK_OHEWI_Saturday,RECEIVE_CATEGORY_OHEWI_misc_net,One-Hot encoding with ignore,One-Hot encoding with ignore,TRANS_WEEK_OHEWI,RECEIVE_CATEGORY_OHEWI,Ordinary cross-feature relationship,False,-0.0006236609876886269,Very weak or negligible,-0.0006236609876886269,Very weak or negligible,0.0006236609876886269,0.0006236609876886269,0.0,0.0,0.0006236609876886269,False
TRANS_WEEK_OHEWI_Saturday,RECEIVE_CATEGORY_OHEWI_misc_pos,One-Hot encoding with ignore,One-Hot encoding with ignore,TRANS_WEEK_OHEWI,RECEIVE_CATEGORY_OHEWI,Ordinary cross-feature relationship,False,0.0011887697514350536,Very weak or negligible,0.0011887697514350536,Very weak or negligible,0.0011887697514350536,0.0011887697514350536,0.0,0.0,0.0011887697514350536,False
TRANS_WEEK_OHEWI_Saturday,RECEIVE_CATEGORY_OHEWI_personal_care,One-Hot encoding with ignore,One-Hot encoding with ignore,TRANS_WEEK_OHEWI,RECEIVE_CATEGORY_OHEWI,Ordinary cross-feature relationship,False,0.00024683841880357015,Very weak or negligible,0.00024683841880357015,Very weak or negligible,0.00024683841880357015,0.00024683841880357015,0.0,0.0,0.00024683841880357015,False
TRANS_WEEK_OHEWI_Saturday,RECEIVE_CATEGORY_OHEWI_shopping_net,One-Hot encoding with ignore,One-Hot encoding with ignore,TRANS_WEEK_OHEWI,RECEIVE_CATEGORY_OHEWI,Ordinary cross-feature relationship,False,-0.0003798487074952608,Very weak or negligible,-0.0003798487074952608,Very weak or negligible,0.0003798487074952608,0.0003798487074952608,0.0,0.0,0.0003798487074952608,False
TRANS_WEEK_OHEWI_Saturday,RECEIVE_CATEGORY_OHEWI_shopping_pos,One-Hot encoding with ignore,One-Hot encoding with ignore,TRANS_WEEK_OHEWI,RECEIVE_CATEGORY_OHEWI,Ordinary cross-feature relationship,False,-0.0008085485503940903,Very weak or negligible,-0.0008085485503940903,Very weak or negligible,0.0008085485503940903,0.0008085485503940903,0.0,0.0,0.0008085485503940903,False
TRANS_WEEK_OHEWI_Saturday,RECEIVE_CATEGORY_OHEWI_travel,One-Hot encoding with ignore,One-Hot encoding with ignore,TRANS_WEEK_OHEWI,RECEIVE_CATEGORY_OHEWI,Ordinary cross-feature relationship,False,-0.0007069790368464544,Very weak or negligible,-0.0007069790368464544,Very weak or negligible,0.0007069790368464544,0.0007069790368464544,0.0,0.0,0.0007069790368464544,False
TRANS_WEEK_OHEWI_Sunday,TRANS_WEEK_OHEWI_Thursday,One-Hot encoding with ignore,One-Hot encoding with ignore,TRANS_WEEK_OHEWI,TRANS_WEEK_OHEWI,Same-source OHE structural exclusivity,True,-0.16916694864263204,Weak,-0.16916694864263204,Weak,0.16916694864263204,0.16916694864263204,0.0,0.0,0.16916694864263204,False
TRANS_WEEK_OHEWI_Sunday,TRANS_WEEK_OHEWI_Tuesday,One-Hot encoding with ignore,One-Hot encoding with ignore,TRANS_WEEK_OHEWI,TRANS_WEEK_OHEWI,Same-source OHE structural exclusivity,True,-0.1972948938671649,Weak,-0.1972948938671649,Weak,0.1972948938671649,0.1972948938671649,0.0,0.0,0.1972948938671649,False
TRANS_WEEK_OHEWI_Sunday,TRANS_WEEK_OHEWI_Wednesday,One-Hot encoding with ignore,One-Hot encoding with ignore,TRANS_WEEK_OHEWI,TRANS_WEEK_OHEWI,Same-source OHE structural exclusivity,True,-0.1584590047928977,Weak,-0.1584590047928977,Weak,0.1584590047928977,0.1584590047928977,0.0,0.0,0.1584590047928977,False
TRANS_WEEK_OHEWI_Sunday,RECEIVE_CATEGORY_OHEWI_entertainment,One-Hot encoding with ignore,One-Hot encoding with ignore,TRANS_WEEK_OHEWI,RECEIVE_CATEGORY_OHEWI,Ordinary cross-feature relationship,False,0.00010673551227677287,Very weak or negligible,0.00010673551227677287,Very weak or negligible,0.00010673551227677287,0.00010673551227677287,0.0,0.0,0.00010673551227677287,False
TRANS_WEEK_OHEWI_Sunday,RECEIVE_CATEGORY_OHEWI_food_dining,One-Hot encoding with ignore,One-Hot encoding with ignore,TRANS_WEEK_OHEWI,RECEIVE_CATEGORY_OHEWI,Ordinary cross-feature relationship,False,0.0012779767416691628,Very weak or negligible,0.0012779767416691628,Very weak or negligible,0.0012779767416691628,0.0012779767416691628,0.0,0.0,0.0012779767416691628,False
TRANS_WEEK_OHEWI_Sunday,RECEIVE_CATEGORY_OHEWI_gas_transport,One-Hot encoding with ignore,One-Hot encoding with ignore,TRANS_WEEK_OHEWI,RECEIVE_CATEGORY_OHEWI,Ordinary cross-feature relationship,False,0.001369170758411919,Very weak or negligible,0.001369170758411919,Very weak or negligible,0.001369170758411919,0.001369170758411919,0.0,0.0,0.001369170758411919,False
TRANS_WEEK_OHEWI_Sunday,RECEIVE_CATEGORY_OHEWI_grocery_net,One-Hot encoding with ignore,One-Hot encoding with ignore,TRANS_WEEK_OHEWI,RECEIVE_CATEGORY_OHEWI,Ordinary cross-feature relationship,False,-0.0003391572676594634,Very weak or negligible,-0.0003391572676594634,Very weak or negligible,0.0003391572676594634,0.0003391572676594634,0.0,0.0,0.0003391572676594634,False
TRANS_WEEK_OHEWI_Sunday,RECEIVE_CATEGORY_OHEWI_grocery_pos,One-Hot encoding with ignore,One-Hot encoding with ignore,TRANS_WEEK_OHEWI,RECEIVE_CATEGORY_OHEWI,Ordinary cross-feature relationship,False,-0.002073063510568007,Very weak or negligible,-0.002073063510568007,Very weak or negligible,0.002073063510568007,0.002073063510568007,0.0,0.0,0.002073063510568007,False
TRANS_WEEK_OHEWI_Sunday,RECEIVE_CATEGORY_OHEWI_health_fitness,One-Hot encoding with ignore,One-Hot encoding with ignore,TRANS_WEEK_OHEWI,RECEIVE_CATEGORY_OHEWI,Ordinary cross-feature relationship,False,0.0021319782277185585,Very weak or negligible,0.0021319782277185585,Very weak or negligible,0.0021319782277185585,0.0021319782277185585,0.0,0.0,0.0021319782277185585,False
TRANS_WEEK_OHEWI_Sunday,RECEIVE_CATEGORY_OHEWI_home,One-Hot encoding with ignore,One-Hot encoding with ignore,TRANS_WEEK_OHEWI,RECEIVE_CATEGORY_OHEWI,Ordinary cross-feature relationship,False,-0.0023727457266887043,Very weak or negligible,-0.0023727457266887043,Very weak or negligible,0.0023727457266887043,0.0023727457266887043,0.0,0.0,0.0023727457266887043,False
TRANS_WEEK_OHEWI_Sunday,RECEIVE_CATEGORY_OHEWI_kids_pets,One-Hot encoding with ignore,One-Hot encoding with ignore,TRANS_WEEK_OHEWI,RECEIVE_CATEGORY_OHEWI,Ordinary cross-feature relationship,False,-0.002555336993039959,Very weak or negligible,-0.002555336993039959,Very weak or negligible,0.002555336993039959,0.002555336993039959,0.0,0.0,0.002555336993039959,False
TRANS_WEEK_OHEWI_Sunday,RECEIVE_CATEGORY_OHEWI_misc_net,One-Hot encoding with ignore,One-Hot encoding with ignore,TRANS_WEEK_OHEWI,RECEIVE_CATEGORY_OHEWI,Ordinary cross-feature relationship,False,0.001202763309879464,Very weak or negligible,0.001202763309879464,Very weak or negligible,0.001202763309879464,0.001202763309879464,0.0,0.0,0.001202763309879464,False
TRANS_WEEK_OHEWI_Sunday,RECEIVE_CATEGORY_OHEWI_misc_pos,One-Hot encoding with ignore,One-Hot encoding with ignore,TRANS_WEEK_OHEWI,RECEIVE_CATEGORY_OHEWI,Ordinary cross-feature relationship,False,0.0016219910132931128,Very weak or negligible,0.0016219910132931128,Very weak or negligible,0.0016219910132931128,0.0016219910132931128,0.0,0.0,0.0016219910132931128,False
TRANS_WEEK_OHEWI_Sunday,RECEIVE_CATEGORY_OHEWI_personal_care,One-Hot encoding with ignore,One-Hot encoding with ignore,TRANS_WEEK_OHEWI,RECEIVE_CATEGORY_OHEWI,Ordinary cross-feature relationship,False,0.00014220497571428974,Very weak or negligible,0.00014220497571428974,Very weak or negligible,0.00014220497571428974,0.00014220497571428974,0.0,0.0,0.00014220497571428974,False
TRANS_WEEK_OHEWI_Sunday,RECEIVE_CATEGORY_OHEWI_shopping_net,One-Hot encoding with ignore,One-Hot encoding with ignore,TRANS_WEEK_OHEWI,RECEIVE_CATEGORY_OHEWI,Ordinary cross-feature relationship,False,0.001081645745638251,Very weak or negligible,0.001081645745638251,Very weak or negligible,0.001081645745638251,0.001081645745638251,0.0,0.0,0.001081645745638251,False
TRANS_WEEK_OHEWI_Sunday,RECEIVE_CATEGORY_OHEWI_shopping_pos,One-Hot encoding with ignore,One-Hot encoding with ignore,TRANS_WEEK_OHEWI,RECEIVE_CATEGORY_OHEWI,Ordinary cross-feature relationship,False,0.00023264547448022512,Very weak or negligible,0.00023264547448022512,Very weak or negligible,0.00023264547448022512,0.00023264547448022512,0.0,0.0,0.00023264547448022512,False
TRANS_WEEK_OHEWI_Sunday,RECEIVE_CATEGORY_OHEWI_travel,One-Hot encoding with ignore,One-Hot encoding with ignore,TRANS_WEEK_OHEWI,RECEIVE_CATEGORY_OHEWI,Ordinary cross-feature relationship,False,-0.0014330714956913074,Very weak or negligible,-0.0014330714956913074,Very weak or negligible,0.0014330714956913074,0.0014330714956913074,0.0,0.0,0.0014330714956913074,False
TRANS_WEEK_OHEWI_Thursday,TRANS_WEEK_OHEWI_Tuesday,One-Hot encoding with ignore,One-Hot encoding with ignore,TRANS_WEEK_OHEWI,TRANS_WEEK_OHEWI,Same-source OHE structural exclusivity,True,-0.14651722227454672,Weak,-0.14651722227454672,Weak,0.14651722227454672,0.14651722227454672,0.0,0.0,0.14651722227454672,False
TRANS_WEEK_OHEWI_Thursday,TRANS_WEEK_OHEWI_Wednesday,One-Hot encoding with ignore,One-Hot encoding with ignore,TRANS_WEEK_OHEWI,TRANS_WEEK_OHEWI,Same-source OHE structural exclusivity,True,-0.11767650328688198,Weak,-0.11767650328688198,Weak,0.11767650328688198,0.11767650328688198,0.0,0.0,0.11767650328688198,False
TRANS_WEEK_OHEWI_Thursday,RECEIVE_CATEGORY_OHEWI_entertainment,One-Hot encoding with ignore,One-Hot encoding with ignore,TRANS_WEEK_OHEWI,RECEIVE_CATEGORY_OHEWI,Ordinary cross-feature relationship,False,-0.0008770139616978876,Very weak or negligible,-0.0008770139616978876,Very weak or negligible,0.0008770139616978876,0.0008770139616978876,0.0,0.0,0.0008770139616978876,False
TRANS_WEEK_OHEWI_Thursday,RECEIVE_CATEGORY_OHEWI_food_dining,One-Hot encoding with ignore,One-Hot encoding with ignore,TRANS_WEEK_OHEWI,RECEIVE_CATEGORY_OHEWI,Ordinary cross-feature relationship,False,-0.0012339350498508492,Very weak or negligible,-0.0012339350498508492,Very weak or negligible,0.0012339350498508492,0.0012339350498508492,0.0,0.0,0.0012339350498508492,False
TRANS_WEEK_OHEWI_Thursday,RECEIVE_CATEGORY_OHEWI_gas_transport,One-Hot encoding with ignore,One-Hot encoding with ignore,TRANS_WEEK_OHEWI,RECEIVE_CATEGORY_OHEWI,Ordinary cross-feature relationship,False,-0.0008710705661264825,Very weak or negligible,-0.0008710705661264825,Very weak or negligible,0.0008710705661264825,0.0008710705661264825,0.0,0.0,0.0008710705661264825,False
TRANS_WEEK_OHEWI_Thursday,RECEIVE_CATEGORY_OHEWI_grocery_net,One-Hot encoding with ignore,One-Hot encoding with ignore,TRANS_WEEK_OHEWI,RECEIVE_CATEGORY_OHEWI,Ordinary cross-feature relationship,False,0.0012415261837528683,Very weak or negligible,0.0012415261837528683,Very weak or negligible,0.0012415261837528683,0.0012415261837528683,0.0,0.0,0.0012415261837528683,False
TRANS_WEEK_OHEWI_Thursday,RECEIVE_CATEGORY_OHEWI_grocery_pos,One-Hot encoding with ignore,One-Hot encoding with ignore,TRANS_WEEK_OHEWI,RECEIVE_CATEGORY_OHEWI,Ordinary cross-feature relationship,False,0.0022017647497199425,Very weak or negligible,0.0022017647497199425,Very weak or negligible,0.0022017647497199425,0.0022017647497199425,0.0,0.0,0.0022017647497199425,False
TRANS_WEEK_OHEWI_Thursday,RECEIVE_CATEGORY_OHEWI_health_fitness,One-Hot encoding with ignore,One-Hot encoding with ignore,TRANS_WEEK_OHEWI,RECEIVE_CATEGORY_OHEWI,Ordinary cross-feature relationship,False,-0.001371409770641038,Very weak or negligible,-0.001371409770641038,Very weak or negligible,0.001371409770641038,0.001371409770641038,0.0,0.0,0.001371409770641038,False
TRANS_WEEK_OHEWI_Thursday,RECEIVE_CATEGORY_OHEWI_home,One-Hot encoding with ignore,One-Hot encoding with ignore,TRANS_WEEK_OHEWI,RECEIVE_CATEGORY_OHEWI,Ordinary cross-feature relationship,False,0.0008334387895870803,Very weak or negligible,0.0008334387895870803,Very weak or negligible,0.0008334387895870803,0.0008334387895870803,0.0,0.0,0.0008334387895870803,False
TRANS_WEEK_OHEWI_Thursday,RECEIVE_CATEGORY_OHEWI_kids_pets,One-Hot encoding with ignore,One-Hot encoding with ignore,TRANS_WEEK_OHEWI,RECEIVE_CATEGORY_OHEWI,Ordinary cross-feature relationship,False,0.0018648890128000523,Very weak or negligible,0.0018648890128000523,Very weak or negligible,0.0018648890128000523,0.0018648890128000523,0.0,0.0,0.0018648890128000523,False
TRANS_WEEK_OHEWI_Thursday,RECEIVE_CATEGORY_OHEWI_misc_net,One-Hot encoding with ignore,One-Hot encoding with ignore,TRANS_WEEK_OHEWI,RECEIVE_CATEGORY_OHEWI,Ordinary cross-feature relationship,False,0.0009085996167970534,Very weak or negligible,0.0009085996167970534,Very weak or negligible,0.0009085996167970534,0.0009085996167970534,0.0,0.0,0.0009085996167970534,False
TRANS_WEEK_OHEWI_Thursday,RECEIVE_CATEGORY_OHEWI_misc_pos,One-Hot encoding with ignore,One-Hot encoding with ignore,TRANS_WEEK_OHEWI,RECEIVE_CATEGORY_OHEWI,Ordinary cross-feature relationship,False,-0.0002979814349184952,Very weak or negligible,-0.0002979814349184952,Very weak or negligible,0.0002979814349184952,0.0002979814349184952,0.0,0.0,0.0002979814349184952,False
TRANS_WEEK_OHEWI_Thursday,RECEIVE_CATEGORY_OHEWI_personal_care,One-Hot encoding with ignore,One-Hot encoding with ignore,TRANS_WEEK_OHEWI,RECEIVE_CATEGORY_OHEWI,Ordinary cross-feature relationship,False,-0.0004525952753297559,Very weak or negligible,-0.0004525952753297559,Very weak or negligible,0.0004525952753297559,0.0004525952753297559,0.0,0.0,0.0004525952753297559,False
TRANS_WEEK_OHEWI_Thursday,RECEIVE_CATEGORY_OHEWI_shopping_net,One-Hot encoding with ignore,One-Hot encoding with ignore,TRANS_WEEK_OHEWI,RECEIVE_CATEGORY_OHEWI,Ordinary cross-feature relationship,False,-0.001380566641860624,Very weak or negligible,-0.001380566641860624,Very weak or negligible,0.001380566641860624,0.001380566641860624,0.0,0.0,0.001380566641860624,False
TRANS_WEEK_OHEWI_Thursday,RECEIVE_CATEGORY_OHEWI_shopping_pos,One-Hot encoding with ignore,One-Hot encoding with ignore,TRANS_WEEK_OHEWI,RECEIVE_CATEGORY_OHEWI,Ordinary cross-feature relationship,False,-0.0009502516709295828,Very weak or negligible,-0.0009502516709295828,Very weak or negligible,0.0009502516709295828,0.0009502516709295828,0.0,0.0,0.0009502516709295828,False
TRANS_WEEK_OHEWI_Thursday,RECEIVE_CATEGORY_OHEWI_travel,One-Hot encoding with ignore,One-Hot encoding with ignore,TRANS_WEEK_OHEWI,RECEIVE_CATEGORY_OHEWI,Ordinary cross-feature relationship,False,0.0007452560155145634,Very weak or negligible,0.0007452560155145634,Very weak or negligible,0.0007452560155145634,0.0007452560155145634,0.0,0.0,0.0007452560155145634,False
TRANS_WEEK_OHEWI_Tuesday,TRANS_WEEK_OHEWI_Wednesday,One-Hot encoding with ignore,One-Hot encoding with ignore,TRANS_WEEK_OHEWI,TRANS_WEEK_OHEWI,Same-source OHE structural exclusivity,True,-0.13724296272370962,Weak,-0.13724296272370962,Weak,0.13724296272370962,0.13724296272370962,0.0,0.0,0.13724296272370962,False
TRANS_WEEK_OHEWI_Tuesday,RECEIVE_CATEGORY_OHEWI_entertainment,One-Hot encoding with ignore,One-Hot encoding with ignore,TRANS_WEEK_OHEWI,RECEIVE_CATEGORY_OHEWI,Ordinary cross-feature relationship,False,-0.0003085774519131241,Very weak or negligible,-0.0003085774519131241,Very weak or negligible,0.0003085774519131241,0.0003085774519131241,0.0,0.0,0.0003085774519131241,False
TRANS_WEEK_OHEWI_Tuesday,RECEIVE_CATEGORY_OHEWI_food_dining,One-Hot encoding with ignore,One-Hot encoding with ignore,TRANS_WEEK_OHEWI,RECEIVE_CATEGORY_OHEWI,Ordinary cross-feature relationship,False,-0.001114710767460322,Very weak or negligible,-0.001114710767460322,Very weak or negligible,0.001114710767460322,0.001114710767460322,0.0,0.0,0.001114710767460322,False
TRANS_WEEK_OHEWI_Tuesday,RECEIVE_CATEGORY_OHEWI_gas_transport,One-Hot encoding with ignore,One-Hot encoding with ignore,TRANS_WEEK_OHEWI,RECEIVE_CATEGORY_OHEWI,Ordinary cross-feature relationship,False,-0.0011246360335988635,Very weak or negligible,-0.0011246360335988635,Very weak or negligible,0.0011246360335988635,0.0011246360335988635,0.0,0.0,0.0011246360335988635,False
TRANS_WEEK_OHEWI_Tuesday,RECEIVE_CATEGORY_OHEWI_grocery_net,One-Hot encoding with ignore,One-Hot encoding with ignore,TRANS_WEEK_OHEWI,RECEIVE_CATEGORY_OHEWI,Ordinary cross-feature relationship,False,-0.0007099173662735371,Very weak or negligible,-0.0007099173662735371,Very weak or negligible,0.0007099173662735371,0.0007099173662735371,0.0,0.0,0.0007099173662735371,False
TRANS_WEEK_OHEWI_Tuesday,RECEIVE_CATEGORY_OHEWI_grocery_pos,One-Hot encoding with ignore,One-Hot encoding with ignore,TRANS_WEEK_OHEWI,RECEIVE_CATEGORY_OHEWI,Ordinary cross-feature relationship,False,0.0001799810049389649,Very weak or negligible,0.0001799810049389649,Very weak or negligible,0.0001799810049389649,0.0001799810049389649,0.0,0.0,0.0001799810049389649,False
TRANS_WEEK_OHEWI_Tuesday,RECEIVE_CATEGORY_OHEWI_health_fitness,One-Hot encoding with ignore,One-Hot encoding with ignore,TRANS_WEEK_OHEWI,RECEIVE_CATEGORY_OHEWI,Ordinary cross-feature relationship,False,0.0001876793964395986,Very weak or negligible,0.0001876793964395986,Very weak or negligible,0.0001876793964395986,0.0001876793964395986,0.0,0.0,0.0001876793964395986,False
TRANS_WEEK_OHEWI_Tuesday,RECEIVE_CATEGORY_OHEWI_home,One-Hot encoding with ignore,One-Hot encoding with ignore,TRANS_WEEK_OHEWI,RECEIVE_CATEGORY_OHEWI,Ordinary cross-feature relationship,False,0.0007060618913455745,Very weak or negligible,0.0007060618913455745,Very weak or negligible,0.0007060618913455745,0.0007060618913455745,0.0,0.0,0.0007060618913455745,False
TRANS_WEEK_OHEWI_Tuesday,RECEIVE_CATEGORY_OHEWI_kids_pets,One-Hot encoding with ignore,One-Hot encoding with ignore,TRANS_WEEK_OHEWI,RECEIVE_CATEGORY_OHEWI,Ordinary cross-feature relationship,False,0.0010802304974095696,Very weak or negligible,0.0010802304974095696,Very weak or negligible,0.0010802304974095696,0.0010802304974095696,0.0,0.0,0.0010802304974095696,False
TRANS_WEEK_OHEWI_Tuesday,RECEIVE_CATEGORY_OHEWI_misc_net,One-Hot encoding with ignore,One-Hot encoding with ignore,TRANS_WEEK_OHEWI,RECEIVE_CATEGORY_OHEWI,Ordinary cross-feature relationship,False,-0.0017019185715984372,Very weak or negligible,-0.0017019185715984372,Very weak or negligible,0.0017019185715984372,0.0017019185715984372,0.0,0.0,0.0017019185715984372,False
TRANS_WEEK_OHEWI_Tuesday,RECEIVE_CATEGORY_OHEWI_misc_pos,One-Hot encoding with ignore,One-Hot encoding with ignore,TRANS_WEEK_OHEWI,RECEIVE_CATEGORY_OHEWI,Ordinary cross-feature relationship,False,0.0011589584321709944,Very weak or negligible,0.0011589584321709944,Very weak or negligible,0.0011589584321709944,0.0011589584321709944,0.0,0.0,0.0011589584321709944,False
TRANS_WEEK_OHEWI_Tuesday,RECEIVE_CATEGORY_OHEWI_personal_care,One-Hot encoding with ignore,One-Hot encoding with ignore,TRANS_WEEK_OHEWI,RECEIVE_CATEGORY_OHEWI,Ordinary cross-feature relationship,False,0.00015727013231665374,Very weak or negligible,0.00015727013231665374,Very weak or negligible,0.00015727013231665374,0.00015727013231665374,0.0,0.0,0.00015727013231665374,False
TRANS_WEEK_OHEWI_Tuesday,RECEIVE_CATEGORY_OHEWI_shopping_net,One-Hot encoding with ignore,One-Hot encoding with ignore,TRANS_WEEK_OHEWI,RECEIVE_CATEGORY_OHEWI,Ordinary cross-feature relationship,False,1.8701113544147452e-05,Very weak or negligible,1.8701113544147452e-05,Very weak or negligible,1.8701113544147452e-05,1.8701113544147452e-05,0.0,0.0,1.8701113544147452e-05,False
TRANS_WEEK_OHEWI_Tuesday,RECEIVE_CATEGORY_OHEWI_shopping_pos,One-Hot encoding with ignore,One-Hot encoding with ignore,TRANS_WEEK_OHEWI,RECEIVE_CATEGORY_OHEWI,Ordinary cross-feature relationship,False,0.0004664719483009142,Very weak or negligible,0.0004664719483009142,Very weak or negligible,0.0004664719483009142,0.0004664719483009142,0.0,0.0,0.0004664719483009142,False
TRANS_WEEK_OHEWI_Tuesday,RECEIVE_CATEGORY_OHEWI_travel,One-Hot encoding with ignore,One-Hot encoding with ignore,TRANS_WEEK_OHEWI,RECEIVE_CATEGORY_OHEWI,Ordinary cross-feature relationship,False,0.0007716125572784125,Very weak or negligible,0.0007716125572784125,Very weak or negligible,0.0007716125572784125,0.0007716125572784125,0.0,0.0,0.0007716125572784125,False
TRANS_WEEK_OHEWI_Wednesday,RECEIVE_CATEGORY_OHEWI_entertainment,One-Hot encoding with ignore,One-Hot encoding with ignore,TRANS_WEEK_OHEWI,RECEIVE_CATEGORY_OHEWI,Ordinary cross-feature relationship,False,-0.0001585804934247908,Very weak or negligible,-0.0001585804934247908,Very weak or negligible,0.0001585804934247908,0.0001585804934247908,0.0,0.0,0.0001585804934247908,False
TRANS_WEEK_OHEWI_Wednesday,RECEIVE_CATEGORY_OHEWI_food_dining,One-Hot encoding with ignore,One-Hot encoding with ignore,TRANS_WEEK_OHEWI,RECEIVE_CATEGORY_OHEWI,Ordinary cross-feature relationship,False,4.0233902728634865e-05,Very weak or negligible,4.0233902728634865e-05,Very weak or negligible,4.0233902728634865e-05,4.0233902728634865e-05,0.0,0.0,4.0233902728634865e-05,False
TRANS_WEEK_OHEWI_Wednesday,RECEIVE_CATEGORY_OHEWI_gas_transport,One-Hot encoding with ignore,One-Hot encoding with ignore,TRANS_WEEK_OHEWI,RECEIVE_CATEGORY_OHEWI,Ordinary cross-feature relationship,False,-0.0014840241465823053,Very weak or negligible,-0.0014840241465823053,Very weak or negligible,0.0014840241465823053,0.0014840241465823053,0.0,0.0,0.0014840241465823053,False
TRANS_WEEK_OHEWI_Wednesday,RECEIVE_CATEGORY_OHEWI_grocery_net,One-Hot encoding with ignore,One-Hot encoding with ignore,TRANS_WEEK_OHEWI,RECEIVE_CATEGORY_OHEWI,Ordinary cross-feature relationship,False,-0.00020959244612426517,Very weak or negligible,-0.00020959244612426517,Very weak or negligible,0.00020959244612426517,0.00020959244612426517,0.0,0.0,0.00020959244612426517,False
TRANS_WEEK_OHEWI_Wednesday,RECEIVE_CATEGORY_OHEWI_grocery_pos,One-Hot encoding with ignore,One-Hot encoding with ignore,TRANS_WEEK_OHEWI,RECEIVE_CATEGORY_OHEWI,Ordinary cross-feature relationship,False,0.0008556900235377082,Very weak or negligible,0.0008556900235377082,Very weak or negligible,0.0008556900235377082,0.0008556900235377082,0.0,0.0,0.0008556900235377082,False
TRANS_WEEK_OHEWI_Wednesday,RECEIVE_CATEGORY_OHEWI_health_fitness,One-Hot encoding with ignore,One-Hot encoding with ignore,TRANS_WEEK_OHEWI,RECEIVE_CATEGORY_OHEWI,Ordinary cross-feature relationship,False,-0.0005050983078644067,Very weak or negligible,-0.0005050983078644067,Very weak or negligible,0.0005050983078644067,0.0005050983078644067,0.0,0.0,0.0005050983078644067,False
TRANS_WEEK_OHEWI_Wednesday,RECEIVE_CATEGORY_OHEWI_home,One-Hot encoding with ignore,One-Hot encoding with ignore,TRANS_WEEK_OHEWI,RECEIVE_CATEGORY_OHEWI,Ordinary cross-feature relationship,False,0.0019211849563318575,Very weak or negligible,0.0019211849563318575,Very weak or negligible,0.0019211849563318575,0.0019211849563318575,0.0,0.0,0.0019211849563318575,False
TRANS_WEEK_OHEWI_Wednesday,RECEIVE_CATEGORY_OHEWI_kids_pets,One-Hot encoding with ignore,One-Hot encoding with ignore,TRANS_WEEK_OHEWI,RECEIVE_CATEGORY_OHEWI,Ordinary cross-feature relationship,False,-5.729794444887756e-06,Very weak or negligible,-5.729794444887756e-06,Very weak or negligible,5.729794444887756e-06,5.729794444887756e-06,0.0,0.0,5.729794444887756e-06,False
TRANS_WEEK_OHEWI_Wednesday,RECEIVE_CATEGORY_OHEWI_misc_net,One-Hot encoding with ignore,One-Hot encoding with ignore,TRANS_WEEK_OHEWI,RECEIVE_CATEGORY_OHEWI,Ordinary cross-feature relationship,False,-0.00028021105897325964,Very weak or negligible,-0.00028021105897325964,Very weak or negligible,0.00028021105897325964,0.00028021105897325964,0.0,0.0,0.00028021105897325964,False
TRANS_WEEK_OHEWI_Wednesday,RECEIVE_CATEGORY_OHEWI_misc_pos,One-Hot encoding with ignore,One-Hot encoding with ignore,TRANS_WEEK_OHEWI,RECEIVE_CATEGORY_OHEWI,Ordinary cross-feature relationship,False,-0.0012690938691119055,Very weak or negligible,-0.0012690938691119055,Very weak or negligible,0.0012690938691119055,0.0012690938691119055,0.0,0.0,0.0012690938691119055,False
TRANS_WEEK_OHEWI_Wednesday,RECEIVE_CATEGORY_OHEWI_personal_care,One-Hot encoding with ignore,One-Hot encoding with ignore,TRANS_WEEK_OHEWI,RECEIVE_CATEGORY_OHEWI,Ordinary cross-feature relationship,False,0.0006403984776461437,Very weak or negligible,0.0006403984776461437,Very weak or negligible,0.0006403984776461437,0.0006403984776461437,0.0,0.0,0.0006403984776461437,False
TRANS_WEEK_OHEWI_Wednesday,RECEIVE_CATEGORY_OHEWI_shopping_net,One-Hot encoding with ignore,One-Hot encoding with ignore,TRANS_WEEK_OHEWI,RECEIVE_CATEGORY_OHEWI,Ordinary cross-feature relationship,False,-0.0001809729564673708,Very weak or negligible,-0.0001809729564673708,Very weak or negligible,0.0001809729564673708,0.0001809729564673708,0.0,0.0,0.0001809729564673708,False
TRANS_WEEK_OHEWI_Wednesday,RECEIVE_CATEGORY_OHEWI_shopping_pos,One-Hot encoding with ignore,One-Hot encoding with ignore,TRANS_WEEK_OHEWI,RECEIVE_CATEGORY_OHEWI,Ordinary cross-feature relationship,False,0.0006179442269429896,Very weak or negligible,0.0006179442269429896,Very weak or negligible,0.0006179442269429896,0.0006179442269429896,0.0,0.0,0.0006179442269429896,False
TRANS_WEEK_OHEWI_Wednesday,RECEIVE_CATEGORY_OHEWI_travel,One-Hot encoding with ignore,One-Hot encoding with ignore,TRANS_WEEK_OHEWI,RECEIVE_CATEGORY_OHEWI,Ordinary cross-feature relationship,False,-0.0005506229228845216,Very weak or negligible,-0.0005506229228845216,Very weak or negligible,0.0005506229228845216,0.0005506229228845216,0.0,0.0,0.0005506229228845216,False
RECEIVE_CATEGORY_OHEWI_entertainment,RECEIVE_CATEGORY_OHEWI_food_dining,One-Hot encoding with ignore,One-Hot encoding with ignore,RECEIVE_CATEGORY_OHEWI,RECEIVE_CATEGORY_OHEWI,Same-source OHE structural exclusivity,True,-0.07698546129035545,Very weak or negligible,-0.07698546129035545,Very weak or negligible,0.07698546129035545,0.07698546129035545,0.0,0.0,0.07698546129035545,False
RECEIVE_CATEGORY_OHEWI_entertainment,RECEIVE_CATEGORY_OHEWI_gas_transport,One-Hot encoding with ignore,One-Hot encoding with ignore,RECEIVE_CATEGORY_OHEWI,RECEIVE_CATEGORY_OHEWI,Same-source OHE structural exclusivity,True,-0.09390424021624015,Very weak or negligible,-0.09390424021624015,Very weak or negligible,0.09390424021624015,0.09390424021624015,0.0,0.0,0.09390424021624015,False
RECEIVE_CATEGORY_OHEWI_entertainment,RECEIVE_CATEGORY_OHEWI_grocery_net,One-Hot encoding with ignore,One-Hot encoding with ignore,RECEIVE_CATEGORY_OHEWI,RECEIVE_CATEGORY_OHEWI,Same-source OHE structural exclusivity,True,-0.05322563236799744,Very weak or negligible,-0.05322563236799744,Very weak or negligible,0.05322563236799744,0.05322563236799744,0.0,0.0,0.05322563236799744,False
RECEIVE_CATEGORY_OHEWI_entertainment,RECEIVE_CATEGORY_OHEWI_grocery_pos,One-Hot encoding with ignore,One-Hot encoding with ignore,RECEIVE_CATEGORY_OHEWI,RECEIVE_CATEGORY_OHEWI,Same-source OHE structural exclusivity,True,-0.09057860453824378,Very weak or negligible,-0.09057860453824378,Very weak or negligible,0.09057860453824378,0.09057860453824378,0.0,0.0,0.09057860453824378,False
RECEIVE_CATEGORY_OHEWI_entertainment,RECEIVE_CATEGORY_OHEWI_health_fitness,One-Hot encoding with ignore,One-Hot encoding with ignore,RECEIVE_CATEGORY_OHEWI,RECEIVE_CATEGORY_OHEWI,Same-source OHE structural exclusivity,True,-0.07436283740451412,Very weak or negligible,-0.07436283740451412,Very weak or negligible,0.07436283740451412,0.07436283740451412,0.0,0.0,0.07436283740451412,False
RECEIVE_CATEGORY_OHEWI_entertainment,RECEIVE_CATEGORY_OHEWI_home,One-Hot encoding with ignore,One-Hot encoding with ignore,RECEIVE_CATEGORY_OHEWI,RECEIVE_CATEGORY_OHEWI,Same-source OHE structural exclusivity,True,-0.09037080473427837,Very weak or negligible,-0.09037080473427837,Very weak or negligible,0.09037080473427837,0.09037080473427837,0.0,0.0,0.09037080473427837,False
RECEIVE_CATEGORY_OHEWI_entertainment,RECEIVE_CATEGORY_OHEWI_kids_pets,One-Hot encoding with ignore,One-Hot encoding with ignore,RECEIVE_CATEGORY_OHEWI,RECEIVE_CATEGORY_OHEWI,Same-source OHE structural exclusivity,True,-0.08640906375613955,Very weak or negligible,-0.08640906375613955,Very weak or negligible,0.08640906375613955,0.08640906375613955,0.0,0.0,0.08640906375613955,False
RECEIVE_CATEGORY_OHEWI_entertainment,RECEIVE_CATEGORY_OHEWI_misc_net,One-Hot encoding with ignore,One-Hot encoding with ignore,RECEIVE_CATEGORY_OHEWI,RECEIVE_CATEGORY_OHEWI,Same-source OHE structural exclusivity,True,-0.06337524488199373,Very weak or negligible,-0.06337524488199373,Very weak or negligible,0.06337524488199373,0.06337524488199373,0.0,0.0,0.06337524488199373,False
RECEIVE_CATEGORY_OHEWI_entertainment,RECEIVE_CATEGORY_OHEWI_misc_pos,One-Hot encoding with ignore,One-Hot encoding with ignore,RECEIVE_CATEGORY_OHEWI,RECEIVE_CATEGORY_OHEWI,Same-source OHE structural exclusivity,True,-0.07162089755252737,Very weak or negligible,-0.07162089755252737,Very weak or negligible,0.07162089755252737,0.07162089755252737,0.0,0.0,0.07162089755252737,False
RECEIVE_CATEGORY_OHEWI_entertainment,RECEIVE_CATEGORY_OHEWI_personal_care,One-Hot encoding with ignore,One-Hot encoding with ignore,RECEIVE_CATEGORY_OHEWI,RECEIVE_CATEGORY_OHEWI,Same-source OHE structural exclusivity,True,-0.07678124454752869,Very weak or negligible,-0.07678124454752869,Very weak or negligible,0.07678124454752869,0.07678124454752869,0.0,0.0,0.07678124454752869,False
RECEIVE_CATEGORY_OHEWI_entertainment,RECEIVE_CATEGORY_OHEWI_shopping_net,One-Hot encoding with ignore,One-Hot encoding with ignore,RECEIVE_CATEGORY_OHEWI,RECEIVE_CATEGORY_OHEWI,Same-source OHE structural exclusivity,True,-0.07967445730093753,Very weak or negligible,-0.07967445730093753,Very weak or negligible,0.07967445730093753,0.07967445730093753,0.0,0.0,0.07967445730093753,False
RECEIVE_CATEGORY_OHEWI_entertainment,RECEIVE_CATEGORY_OHEWI_shopping_pos,One-Hot encoding with ignore,One-Hot encoding with ignore,RECEIVE_CATEGORY_OHEWI,RECEIVE_CATEGORY_OHEWI,Same-source OHE structural exclusivity,True,-0.08778817741247284,Very weak or negligible,-0.08778817741247284,Very weak or negligible,0.08778817741247284,0.08778817741247284,0.0,0.0,0.08778817741247284,False
RECEIVE_CATEGORY_OHEWI_entertainment,RECEIVE_CATEGORY_OHEWI_travel,One-Hot encoding with ignore,One-Hot encoding with ignore,RECEIVE_CATEGORY_OHEWI,RECEIVE_CATEGORY_OHEWI,Same-source OHE structural exclusivity,True,-0.05020905474937515,Very weak or negligible,-0.05020905474937515,Very weak or negligible,0.05020905474937515,0.05020905474937515,0.0,0.0,0.05020905474937515,False
RECEIVE_CATEGORY_OHEWI_food_dining,RECEIVE_CATEGORY_OHEWI_gas_transport,One-Hot encoding with ignore,One-Hot encoding with ignore,RECEIVE_CATEGORY_OHEWI,RECEIVE_CATEGORY_OHEWI,Same-source OHE structural exclusivity,True,-0.09261893335639491,Very weak or negligible,-0.09261893335639491,Very weak or negligible,0.09261893335639491,0.09261893335639491,0.0,0.0,0.09261893335639491,False
RECEIVE_CATEGORY_OHEWI_food_dining,RECEIVE_CATEGORY_OHEWI_grocery_net,One-Hot encoding with ignore,One-Hot encoding with ignore,RECEIVE_CATEGORY_OHEWI,RECEIVE_CATEGORY_OHEWI,Same-source OHE structural exclusivity,True,-0.052497110735271885,Very weak or negligible,-0.052497110735271885,Very weak or negligible,0.052497110735271885,0.052497110735271885,0.0,0.0,0.052497110735271885,False
RECEIVE_CATEGORY_OHEWI_food_dining,RECEIVE_CATEGORY_OHEWI_grocery_pos,One-Hot encoding with ignore,One-Hot encoding with ignore,RECEIVE_CATEGORY_OHEWI,RECEIVE_CATEGORY_OHEWI,Same-source OHE structural exclusivity,True,-0.0893388170536731,Very weak or negligible,-0.0893388170536731,Very weak or negligible,0.0893388170536731,0.0893388170536731,0.0,0.0,0.0893388170536731,False
RECEIVE_CATEGORY_OHEWI_food_dining,RECEIVE_CATEGORY_OHEWI_health_fitness,One-Hot encoding with ignore,One-Hot encoding with ignore,RECEIVE_CATEGORY_OHEWI,RECEIVE_CATEGORY_OHEWI,Same-source OHE structural exclusivity,True,-0.07334500194986927,Very weak or negligible,-0.07334500194986927,Very weak or negligible,0.07334500194986927,0.07334500194986927,0.0,0.0,0.07334500194986927,False
RECEIVE_CATEGORY_OHEWI_food_dining,RECEIVE_CATEGORY_OHEWI_home,One-Hot encoding with ignore,One-Hot encoding with ignore,RECEIVE_CATEGORY_OHEWI,RECEIVE_CATEGORY_OHEWI,Same-source OHE structural exclusivity,True,-0.08913386149308687,Very weak or negligible,-0.08913386149308687,Very weak or negligible,0.08913386149308687,0.08913386149308687,0.0,0.0,0.08913386149308687,False
RECEIVE_CATEGORY_OHEWI_food_dining,RECEIVE_CATEGORY_OHEWI_kids_pets,One-Hot encoding with ignore,One-Hot encoding with ignore,RECEIVE_CATEGORY_OHEWI,RECEIVE_CATEGORY_OHEWI,Same-source OHE structural exclusivity,True,-0.08522634653120041,Very weak or negligible,-0.08522634653120041,Very weak or negligible,0.08522634653120041,0.08522634653120041,0.0,0.0,0.08522634653120041,False
RECEIVE_CATEGORY_OHEWI_food_dining,RECEIVE_CATEGORY_OHEWI_misc_net,One-Hot encoding with ignore,One-Hot encoding with ignore,RECEIVE_CATEGORY_OHEWI,RECEIVE_CATEGORY_OHEWI,Same-source OHE structural exclusivity,True,-0.06250780123084844,Very weak or negligible,-0.06250780123084844,Very weak or negligible,0.06250780123084844,0.06250780123084844,0.0,0.0,0.06250780123084844,False
RECEIVE_CATEGORY_OHEWI_food_dining,RECEIVE_CATEGORY_OHEWI_misc_pos,One-Hot encoding with ignore,One-Hot encoding with ignore,RECEIVE_CATEGORY_OHEWI,RECEIVE_CATEGORY_OHEWI,Same-source OHE structural exclusivity,True,-0.07064059218271068,Very weak or negligible,-0.07064059218271068,Very weak or negligible,0.07064059218271068,0.07064059218271068,0.0,0.0,0.07064059218271068,False
RECEIVE_CATEGORY_OHEWI_food_dining,RECEIVE_CATEGORY_OHEWI_personal_care,One-Hot encoding with ignore,One-Hot encoding with ignore,RECEIVE_CATEGORY_OHEWI,RECEIVE_CATEGORY_OHEWI,Same-source OHE structural exclusivity,True,-0.07573030733641728,Very weak or negligible,-0.07573030733641728,Very weak or negligible,0.07573030733641728,0.07573030733641728,0.0,0.0,0.07573030733641728,False
RECEIVE_CATEGORY_OHEWI_food_dining,RECEIVE_CATEGORY_OHEWI_shopping_net,One-Hot encoding with ignore,One-Hot encoding with ignore,RECEIVE_CATEGORY_OHEWI,RECEIVE_CATEGORY_OHEWI,Same-source OHE structural exclusivity,True,-0.07858391946912587,Very weak or negligible,-0.07858391946912587,Very weak or negligible,0.07858391946912587,0.07858391946912587,0.0,0.0,0.07858391946912587,False
RECEIVE_CATEGORY_OHEWI_food_dining,RECEIVE_CATEGORY_OHEWI_shopping_pos,One-Hot encoding with ignore,One-Hot encoding with ignore,RECEIVE_CATEGORY_OHEWI,RECEIVE_CATEGORY_OHEWI,Same-source OHE structural exclusivity,True,-0.08658658367845477,Very weak or negligible,-0.08658658367845477,Very weak or negligible,0.08658658367845477,0.08658658367845477,0.0,0.0,0.08658658367845477,False
RECEIVE_CATEGORY_OHEWI_food_dining,RECEIVE_CATEGORY_OHEWI_travel,One-Hot encoding with ignore,One-Hot encoding with ignore,RECEIVE_CATEGORY_OHEWI,RECEIVE_CATEGORY_OHEWI,Same-source OHE structural exclusivity,True,-0.04952182228418392,Very weak or negligible,-0.04952182228418392,Very weak or negligible,0.04952182228418392,0.04952182228418392,0.0,0.0,0.04952182228418392,False
RECEIVE_CATEGORY_OHEWI_gas_transport,RECEIVE_CATEGORY_OHEWI_grocery_net,One-Hot encoding with ignore,One-Hot encoding with ignore,RECEIVE_CATEGORY_OHEWI,RECEIVE_CATEGORY_OHEWI,Same-source OHE structural exclusivity,True,-0.06403418534508555,Very weak or negligible,-0.06403418534508555,Very weak or negligible,0.06403418534508555,0.06403418534508555,0.0,0.0,0.06403418534508555,False
RECEIVE_CATEGORY_OHEWI_gas_transport,RECEIVE_CATEGORY_OHEWI_grocery_pos,One-Hot encoding with ignore,One-Hot encoding with ignore,RECEIVE_CATEGORY_OHEWI,RECEIVE_CATEGORY_OHEWI,Same-source OHE structural exclusivity,True,-0.10897244228494142,Weak,-0.10897244228494142,Weak,0.10897244228494142,0.10897244228494142,0.0,0.0,0.10897244228494142,False
RECEIVE_CATEGORY_OHEWI_gas_transport,RECEIVE_CATEGORY_OHEWI_health_fitness,One-Hot encoding with ignore,One-Hot encoding with ignore,RECEIVE_CATEGORY_OHEWI,RECEIVE_CATEGORY_OHEWI,Same-source OHE structural exclusivity,True,-0.08946373206474456,Very weak or negligible,-0.08946373206474456,Very weak or negligible,0.08946373206474456,0.08946373206474456,0.0,0.0,0.08946373206474456,False
RECEIVE_CATEGORY_OHEWI_gas_transport,RECEIVE_CATEGORY_OHEWI_home,One-Hot encoding with ignore,One-Hot encoding with ignore,RECEIVE_CATEGORY_OHEWI,RECEIVE_CATEGORY_OHEWI,Same-source OHE structural exclusivity,True,-0.10872244448181911,Weak,-0.10872244448181911,Weak,0.10872244448181911,0.10872244448181911,0.0,0.0,0.10872244448181911,False
RECEIVE_CATEGORY_OHEWI_gas_transport,RECEIVE_CATEGORY_OHEWI_kids_pets,One-Hot encoding with ignore,One-Hot encoding with ignore,RECEIVE_CATEGORY_OHEWI,RECEIVE_CATEGORY_OHEWI,Same-source OHE structural exclusivity,True,-0.10395619099084333,Weak,-0.10395619099084333,Weak,0.10395619099084333,0.10395619099084333,0.0,0.0,0.10395619099084333,False
RECEIVE_CATEGORY_OHEWI_gas_transport,RECEIVE_CATEGORY_OHEWI_misc_net,One-Hot encoding with ignore,One-Hot encoding with ignore,RECEIVE_CATEGORY_OHEWI,RECEIVE_CATEGORY_OHEWI,Same-source OHE structural exclusivity,True,-0.07624488421303946,Very weak or negligible,-0.07624488421303946,Very weak or negligible,0.07624488421303946,0.07624488421303946,0.0,0.0,0.07624488421303946,False
RECEIVE_CATEGORY_OHEWI_gas_transport,RECEIVE_CATEGORY_OHEWI_misc_pos,One-Hot encoding with ignore,One-Hot encoding with ignore,RECEIVE_CATEGORY_OHEWI,RECEIVE_CATEGORY_OHEWI,Same-source OHE structural exclusivity,True,-0.08616498526032396,Very weak or negligible,-0.08616498526032396,Very weak or negligible,0.08616498526032396,0.08616498526032396,0.0,0.0,0.08616498526032396,False
RECEIVE_CATEGORY_OHEWI_gas_transport,RECEIVE_CATEGORY_OHEWI_personal_care,One-Hot encoding with ignore,One-Hot encoding with ignore,RECEIVE_CATEGORY_OHEWI,RECEIVE_CATEGORY_OHEWI,Same-source OHE structural exclusivity,True,-0.0923732462282397,Very weak or negligible,-0.0923732462282397,Very weak or negligible,0.0923732462282397,0.0923732462282397,0.0,0.0,0.0923732462282397,False
RECEIVE_CATEGORY_OHEWI_gas_transport,RECEIVE_CATEGORY_OHEWI_shopping_net,One-Hot encoding with ignore,One-Hot encoding with ignore,RECEIVE_CATEGORY_OHEWI,RECEIVE_CATEGORY_OHEWI,Same-source OHE structural exclusivity,True,-0.09585398498985073,Very weak or negligible,-0.09585398498985073,Very weak or negligible,0.09585398498985073,0.09585398498985073,0.0,0.0,0.09585398498985073,False
RECEIVE_CATEGORY_OHEWI_gas_transport,RECEIVE_CATEGORY_OHEWI_shopping_pos,One-Hot encoding with ignore,One-Hot encoding with ignore,RECEIVE_CATEGORY_OHEWI,RECEIVE_CATEGORY_OHEWI,Same-source OHE structural exclusivity,True,-0.10561536187435702,Weak,-0.10561536187435702,Weak,0.10561536187435702,0.10561536187435702,0.0,0.0,0.10561536187435702,False
RECEIVE_CATEGORY_OHEWI_gas_transport,RECEIVE_CATEGORY_OHEWI_travel,One-Hot encoding with ignore,One-Hot encoding with ignore,RECEIVE_CATEGORY_OHEWI,RECEIVE_CATEGORY_OHEWI,Same-source OHE structural exclusivity,True,-0.06040502995989113,Very weak or negligible,-0.06040502995989113,Very weak or negligible,0.06040502995989113,0.06040502995989113,0.0,0.0,0.06040502995989113,False
RECEIVE_CATEGORY_OHEWI_grocery_net,RECEIVE_CATEGORY_OHEWI_grocery_pos,One-Hot encoding with ignore,One-Hot encoding with ignore,RECEIVE_CATEGORY_OHEWI,RECEIVE_CATEGORY_OHEWI,Same-source OHE structural exclusivity,True,-0.061766403071306826,Very weak or negligible,-0.061766403071306826,Very weak or negligible,0.061766403071306826,0.061766403071306826,0.0,0.0,0.061766403071306826,False
RECEIVE_CATEGORY_OHEWI_grocery_net,RECEIVE_CATEGORY_OHEWI_health_fitness,One-Hot encoding with ignore,One-Hot encoding with ignore,RECEIVE_CATEGORY_OHEWI,RECEIVE_CATEGORY_OHEWI,Same-source OHE structural exclusivity,True,-0.05070871882017104,Very weak or negligible,-0.05070871882017104,Very weak or negligible,0.05070871882017104,0.05070871882017104,0.0,0.0,0.05070871882017104,False
RECEIVE_CATEGORY_OHEWI_grocery_net,RECEIVE_CATEGORY_OHEWI_home,One-Hot encoding with ignore,One-Hot encoding with ignore,RECEIVE_CATEGORY_OHEWI,RECEIVE_CATEGORY_OHEWI,Same-source OHE structural exclusivity,True,-0.06162470242891675,Very weak or negligible,-0.06162470242891675,Very weak or negligible,0.06162470242891675,0.06162470242891675,0.0,0.0,0.06162470242891675,False
RECEIVE_CATEGORY_OHEWI_grocery_net,RECEIVE_CATEGORY_OHEWI_kids_pets,One-Hot encoding with ignore,One-Hot encoding with ignore,RECEIVE_CATEGORY_OHEWI,RECEIVE_CATEGORY_OHEWI,Same-source OHE structural exclusivity,True,-0.05892315396316932,Very weak or negligible,-0.05892315396316932,Very weak or negligible,0.05892315396316932,0.05892315396316932,0.0,0.0,0.05892315396316932,False
RECEIVE_CATEGORY_OHEWI_grocery_net,RECEIVE_CATEGORY_OHEWI_misc_net,One-Hot encoding with ignore,One-Hot encoding with ignore,RECEIVE_CATEGORY_OHEWI,RECEIVE_CATEGORY_OHEWI,Same-source OHE structural exclusivity,True,-0.04321617605039664,Very weak or negligible,-0.04321617605039664,Very weak or negligible,0.04321617605039664,0.04321617605039664,0.0,0.0,0.04321617605039664,False
RECEIVE_CATEGORY_OHEWI_grocery_net,RECEIVE_CATEGORY_OHEWI_misc_pos,One-Hot encoding with ignore,One-Hot encoding with ignore,RECEIVE_CATEGORY_OHEWI,RECEIVE_CATEGORY_OHEWI,Same-source OHE structural exclusivity,True,-0.0488389642246077,Very weak or negligible,-0.0488389642246077,Very weak or negligible,0.0488389642246077,0.0488389642246077,0.0,0.0,0.0488389642246077,False
RECEIVE_CATEGORY_OHEWI_grocery_net,RECEIVE_CATEGORY_OHEWI_personal_care,One-Hot encoding with ignore,One-Hot encoding with ignore,RECEIVE_CATEGORY_OHEWI,RECEIVE_CATEGORY_OHEWI,Same-source OHE structural exclusivity,True,-0.05235785341600042,Very weak or negligible,-0.05235785341600042,Very weak or negligible,0.05235785341600042,0.05235785341600042,0.0,0.0,0.05235785341600042,False
RECEIVE_CATEGORY_OHEWI_grocery_net,RECEIVE_CATEGORY_OHEWI_shopping_net,One-Hot encoding with ignore,One-Hot encoding with ignore,RECEIVE_CATEGORY_OHEWI,RECEIVE_CATEGORY_OHEWI,Same-source OHE structural exclusivity,True,-0.05433076242700911,Very weak or negligible,-0.05433076242700911,Very weak or negligible,0.05433076242700911,0.05433076242700911,0.0,0.0,0.05433076242700911,False
RECEIVE_CATEGORY_OHEWI_grocery_net,RECEIVE_CATEGORY_OHEWI_shopping_pos,One-Hot encoding with ignore,One-Hot encoding with ignore,RECEIVE_CATEGORY_OHEWI,RECEIVE_CATEGORY_OHEWI,Same-source OHE structural exclusivity,True,-0.05986358454732853,Very weak or negligible,-0.05986358454732853,Very weak or negligible,0.05986358454732853,0.05986358454732853,0.0,0.0,0.05986358454732853,False
RECEIVE_CATEGORY_OHEWI_grocery_net,RECEIVE_CATEGORY_OHEWI_travel,One-Hot encoding with ignore,One-Hot encoding with ignore,RECEIVE_CATEGORY_OHEWI,RECEIVE_CATEGORY_OHEWI,Same-source OHE structural exclusivity,True,-0.03423802706266938,Very weak or negligible,-0.03423802706266938,Very weak or negligible,0.03423802706266938,0.03423802706266938,0.0,0.0,0.03423802706266938,False
RECEIVE_CATEGORY_OHEWI_grocery_pos,RECEIVE_CATEGORY_OHEWI_health_fitness,One-Hot encoding with ignore,One-Hot encoding with ignore,RECEIVE_CATEGORY_OHEWI,RECEIVE_CATEGORY_OHEWI,Same-source OHE structural exclusivity,True,-0.08629535778733076,Very weak or negligible,-0.08629535778733076,Very weak or negligible,0.08629535778733076,0.08629535778733076,0.0,0.0,0.08629535778733076,False
RECEIVE_CATEGORY_OHEWI_grocery_pos,RECEIVE_CATEGORY_OHEWI_home,One-Hot encoding with ignore,One-Hot encoding with ignore,RECEIVE_CATEGORY_OHEWI,RECEIVE_CATEGORY_OHEWI,Same-source OHE structural exclusivity,True,-0.1048720194154419,Weak,-0.1048720194154419,Weak,0.1048720194154419,0.1048720194154419,0.0,0.0,0.1048720194154419,False
RECEIVE_CATEGORY_OHEWI_grocery_pos,RECEIVE_CATEGORY_OHEWI_kids_pets,One-Hot encoding with ignore,One-Hot encoding with ignore,RECEIVE_CATEGORY_OHEWI,RECEIVE_CATEGORY_OHEWI,Same-source OHE structural exclusivity,True,-0.10027456365525508,Weak,-0.10027456365525508,Weak,0.10027456365525508,0.10027456365525508,0.0,0.0,0.10027456365525508,False
RECEIVE_CATEGORY_OHEWI_grocery_pos,RECEIVE_CATEGORY_OHEWI_misc_net,One-Hot encoding with ignore,One-Hot encoding with ignore,RECEIVE_CATEGORY_OHEWI,RECEIVE_CATEGORY_OHEWI,Same-source OHE structural exclusivity,True,-0.07354465782688599,Very weak or negligible,-0.07354465782688599,Very weak or negligible,0.07354465782688599,0.07354465782688599,0.0,0.0,0.07354465782688599,False
RECEIVE_CATEGORY_OHEWI_grocery_pos,RECEIVE_CATEGORY_OHEWI_misc_pos,One-Hot encoding with ignore,One-Hot encoding with ignore,RECEIVE_CATEGORY_OHEWI,RECEIVE_CATEGORY_OHEWI,Same-source OHE structural exclusivity,True,-0.08311343669855618,Very weak or negligible,-0.08311343669855618,Very weak or negligible,0.08311343669855618,0.08311343669855618,0.0,0.0,0.08311343669855618,False
RECEIVE_CATEGORY_OHEWI_grocery_pos,RECEIVE_CATEGORY_OHEWI_personal_care,One-Hot encoding with ignore,One-Hot encoding with ignore,RECEIVE_CATEGORY_OHEWI,RECEIVE_CATEGORY_OHEWI,Same-source OHE structural exclusivity,True,-0.08910183097966767,Very weak or negligible,-0.08910183097966767,Very weak or negligible,0.08910183097966767,0.08910183097966767,0.0,0.0,0.08910183097966767,False
RECEIVE_CATEGORY_OHEWI_grocery_pos,RECEIVE_CATEGORY_OHEWI_shopping_net,One-Hot encoding with ignore,One-Hot encoding with ignore,RECEIVE_CATEGORY_OHEWI,RECEIVE_CATEGORY_OHEWI,Same-source OHE structural exclusivity,True,-0.09245929874750097,Very weak or negligible,-0.09245929874750097,Very weak or negligible,0.09245929874750097,0.09245929874750097,0.0,0.0,0.09245929874750097,False
RECEIVE_CATEGORY_OHEWI_grocery_pos,RECEIVE_CATEGORY_OHEWI_shopping_pos,One-Hot encoding with ignore,One-Hot encoding with ignore,RECEIVE_CATEGORY_OHEWI,RECEIVE_CATEGORY_OHEWI,Same-source OHE structural exclusivity,True,-0.10187497470137062,Weak,-0.10187497470137062,Weak,0.10187497470137062,0.10187497470137062,0.0,0.0,0.10187497470137062,False
RECEIVE_CATEGORY_OHEWI_grocery_pos,RECEIVE_CATEGORY_OHEWI_travel,One-Hot encoding with ignore,One-Hot encoding with ignore,RECEIVE_CATEGORY_OHEWI,RECEIVE_CATEGORY_OHEWI,Same-source OHE structural exclusivity,True,-0.05826577488149998,Very weak or negligible,-0.05826577488149998,Very weak or negligible,0.05826577488149998,0.05826577488149998,0.0,0.0,0.05826577488149998,False
RECEIVE_CATEGORY_OHEWI_health_fitness,RECEIVE_CATEGORY_OHEWI_home,One-Hot encoding with ignore,One-Hot encoding with ignore,RECEIVE_CATEGORY_OHEWI,RECEIVE_CATEGORY_OHEWI,Same-source OHE structural exclusivity,True,-0.08609738434180521,Very weak or negligible,-0.08609738434180521,Very weak or negligible,0.08609738434180521,0.08609738434180521,0.0,0.0,0.08609738434180521,False
RECEIVE_CATEGORY_OHEWI_health_fitness,RECEIVE_CATEGORY_OHEWI_kids_pets,One-Hot encoding with ignore,One-Hot encoding with ignore,RECEIVE_CATEGORY_OHEWI,RECEIVE_CATEGORY_OHEWI,Same-source OHE structural exclusivity,True,-0.08232298467080043,Very weak or negligible,-0.08232298467080043,Very weak or negligible,0.08232298467080043,0.08232298467080043,0.0,0.0,0.08232298467080043,False
RECEIVE_CATEGORY_OHEWI_health_fitness,RECEIVE_CATEGORY_OHEWI_misc_net,One-Hot encoding with ignore,One-Hot encoding with ignore,RECEIVE_CATEGORY_OHEWI,RECEIVE_CATEGORY_OHEWI,Same-source OHE structural exclusivity,True,-0.0603783803010815,Very weak or negligible,-0.0603783803010815,Very weak or negligible,0.0603783803010815,0.0603783803010815,0.0,0.0,0.0603783803010815,False
RECEIVE_CATEGORY_OHEWI_health_fitness,RECEIVE_CATEGORY_OHEWI_misc_pos,One-Hot encoding with ignore,One-Hot encoding with ignore,RECEIVE_CATEGORY_OHEWI,RECEIVE_CATEGORY_OHEWI,Same-source OHE structural exclusivity,True,-0.06823411567061158,Very weak or negligible,-0.06823411567061158,Very weak or negligible,0.06823411567061158,0.06823411567061158,0.0,0.0,0.06823411567061158,False
RECEIVE_CATEGORY_OHEWI_health_fitness,RECEIVE_CATEGORY_OHEWI_personal_care,One-Hot encoding with ignore,One-Hot encoding with ignore,RECEIVE_CATEGORY_OHEWI,RECEIVE_CATEGORY_OHEWI,Same-source OHE structural exclusivity,True,-0.07315044213104407,Very weak or negligible,-0.07315044213104407,Very weak or negligible,0.07315044213104407,0.07315044213104407,0.0,0.0,0.07315044213104407,False
RECEIVE_CATEGORY_OHEWI_health_fitness,RECEIVE_CATEGORY_OHEWI_shopping_net,One-Hot encoding with ignore,One-Hot encoding with ignore,RECEIVE_CATEGORY_OHEWI,RECEIVE_CATEGORY_OHEWI,Same-source OHE structural exclusivity,True,-0.07590684173537744,Very weak or negligible,-0.07590684173537744,Very weak or negligible,0.07590684173537744,0.07590684173537744,0.0,0.0,0.07590684173537744,False
RECEIVE_CATEGORY_OHEWI_health_fitness,RECEIVE_CATEGORY_OHEWI_shopping_pos,One-Hot encoding with ignore,One-Hot encoding with ignore,RECEIVE_CATEGORY_OHEWI,RECEIVE_CATEGORY_OHEWI,Same-source OHE structural exclusivity,True,-0.08363688332279863,Very weak or negligible,-0.08363688332279863,Very weak or negligible,0.08363688332279863,0.08363688332279863,0.0,0.0,0.08363688332279863,False
RECEIVE_CATEGORY_OHEWI_health_fitness,RECEIVE_CATEGORY_OHEWI_travel,One-Hot encoding with ignore,One-Hot encoding with ignore,RECEIVE_CATEGORY_OHEWI,RECEIVE_CATEGORY_OHEWI,Same-source OHE structural exclusivity,True,-0.04783478798165437,Very weak or negligible,-0.04783478798165437,Very weak or negligible,0.04783478798165437,0.04783478798165437,0.0,0.0,0.04783478798165437,False
RECEIVE_CATEGORY_OHEWI_home,RECEIVE_CATEGORY_OHEWI_kids_pets,One-Hot encoding with ignore,One-Hot encoding with ignore,RECEIVE_CATEGORY_OHEWI,RECEIVE_CATEGORY_OHEWI,Same-source OHE structural exclusivity,True,-0.10004451998460569,Weak,-0.10004451998460569,Weak,0.10004451998460569,0.10004451998460569,0.0,0.0,0.10004451998460569,False
RECEIVE_CATEGORY_OHEWI_home,RECEIVE_CATEGORY_OHEWI_misc_net,One-Hot encoding with ignore,One-Hot encoding with ignore,RECEIVE_CATEGORY_OHEWI,RECEIVE_CATEGORY_OHEWI,Same-source OHE structural exclusivity,True,-0.073375936244598,Very weak or negligible,-0.073375936244598,Very weak or negligible,0.073375936244598,0.073375936244598,0.0,0.0,0.073375936244598,False
RECEIVE_CATEGORY_OHEWI_home,RECEIVE_CATEGORY_OHEWI_misc_pos,One-Hot encoding with ignore,One-Hot encoding with ignore,RECEIVE_CATEGORY_OHEWI,RECEIVE_CATEGORY_OHEWI,Same-source OHE structural exclusivity,True,-0.08292276301859725,Very weak or negligible,-0.08292276301859725,Very weak or negligible,0.08292276301859725,0.08292276301859725,0.0,0.0,0.08292276301859725,False
RECEIVE_CATEGORY_OHEWI_home,RECEIVE_CATEGORY_OHEWI_personal_care,One-Hot encoding with ignore,One-Hot encoding with ignore,RECEIVE_CATEGORY_OHEWI,RECEIVE_CATEGORY_OHEWI,Same-source OHE structural exclusivity,True,-0.08889741909780084,Very weak or negligible,-0.08889741909780084,Very weak or negligible,0.08889741909780084,0.08889741909780084,0.0,0.0,0.08889741909780084,False
RECEIVE_CATEGORY_OHEWI_home,RECEIVE_CATEGORY_OHEWI_shopping_net,One-Hot encoding with ignore,One-Hot encoding with ignore,RECEIVE_CATEGORY_OHEWI,RECEIVE_CATEGORY_OHEWI,Same-source OHE structural exclusivity,True,-0.0922471843717888,Very weak or negligible,-0.0922471843717888,Very weak or negligible,0.0922471843717888,0.0922471843717888,0.0,0.0,0.0922471843717888,False
RECEIVE_CATEGORY_OHEWI_home,RECEIVE_CATEGORY_OHEWI_shopping_pos,One-Hot encoding with ignore,One-Hot encoding with ignore,RECEIVE_CATEGORY_OHEWI,RECEIVE_CATEGORY_OHEWI,Same-source OHE structural exclusivity,True,-0.10164125946718429,Weak,-0.10164125946718429,Weak,0.10164125946718429,0.10164125946718429,0.0,0.0,0.10164125946718429,False
RECEIVE_CATEGORY_OHEWI_home,RECEIVE_CATEGORY_OHEWI_travel,One-Hot encoding with ignore,One-Hot encoding with ignore,RECEIVE_CATEGORY_OHEWI,RECEIVE_CATEGORY_OHEWI,Same-source OHE structural exclusivity,True,-0.058132105162696186,Very weak or negligible,-0.058132105162696186,Very weak or negligible,0.058132105162696186,0.058132105162696186,0.0,0.0,0.058132105162696186,False
RECEIVE_CATEGORY_OHEWI_kids_pets,RECEIVE_CATEGORY_OHEWI_misc_net,One-Hot encoding with ignore,One-Hot encoding with ignore,RECEIVE_CATEGORY_OHEWI,RECEIVE_CATEGORY_OHEWI,Same-source OHE structural exclusivity,True,-0.07015922865541283,Very weak or negligible,-0.07015922865541283,Very weak or negligible,0.07015922865541283,0.07015922865541283,0.0,0.0,0.07015922865541283,False
RECEIVE_CATEGORY_OHEWI_kids_pets,RECEIVE_CATEGORY_OHEWI_misc_pos,One-Hot encoding with ignore,One-Hot encoding with ignore,RECEIVE_CATEGORY_OHEWI,RECEIVE_CATEGORY_OHEWI,Same-source OHE structural exclusivity,True,-0.07928753470302312,Very weak or negligible,-0.07928753470302312,Very weak or negligible,0.07928753470302312,0.07928753470302312,0.0,0.0,0.07928753470302312,False
RECEIVE_CATEGORY_OHEWI_kids_pets,RECEIVE_CATEGORY_OHEWI_personal_care,One-Hot encoding with ignore,One-Hot encoding with ignore,RECEIVE_CATEGORY_OHEWI,RECEIVE_CATEGORY_OHEWI,Same-source OHE structural exclusivity,True,-0.08500026946937722,Very weak or negligible,-0.08500026946937722,Very weak or negligible,0.08500026946937722,0.08500026946937722,0.0,0.0,0.08500026946937722,False
RECEIVE_CATEGORY_OHEWI_kids_pets,RECEIVE_CATEGORY_OHEWI_shopping_net,One-Hot encoding with ignore,One-Hot encoding with ignore,RECEIVE_CATEGORY_OHEWI,RECEIVE_CATEGORY_OHEWI,Same-source OHE structural exclusivity,True,-0.08820318530020568,Very weak or negligible,-0.08820318530020568,Very weak or negligible,0.08820318530020568,0.08820318530020568,0.0,0.0,0.08820318530020568,False
RECEIVE_CATEGORY_OHEWI_kids_pets,RECEIVE_CATEGORY_OHEWI_shopping_pos,One-Hot encoding with ignore,One-Hot encoding with ignore,RECEIVE_CATEGORY_OHEWI,RECEIVE_CATEGORY_OHEWI,Same-source OHE structural exclusivity,True,-0.09718543610824891,Very weak or negligible,-0.09718543610824891,Very weak or negligible,0.09718543610824891,0.09718543610824891,0.0,0.0,0.09718543610824891,False
RECEIVE_CATEGORY_OHEWI_kids_pets,RECEIVE_CATEGORY_OHEWI_travel,One-Hot encoding with ignore,One-Hot encoding with ignore,RECEIVE_CATEGORY_OHEWI,RECEIVE_CATEGORY_OHEWI,Same-source OHE structural exclusivity,True,-0.05558366771272876,Very weak or negligible,-0.05558366771272876,Very weak or negligible,0.05558366771272876,0.05558366771272876,0.0,0.0,0.05558366771272876,False
RECEIVE_CATEGORY_OHEWI_misc_net,RECEIVE_CATEGORY_OHEWI_misc_pos,One-Hot encoding with ignore,One-Hot encoding with ignore,RECEIVE_CATEGORY_OHEWI,RECEIVE_CATEGORY_OHEWI,Same-source OHE structural exclusivity,True,-0.05815208161582049,Very weak or negligible,-0.05815208161582049,Very weak or negligible,0.05815208161582049,0.05815208161582049,0.0,0.0,0.05815208161582049,False
RECEIVE_CATEGORY_OHEWI_misc_net,RECEIVE_CATEGORY_OHEWI_personal_care,One-Hot encoding with ignore,One-Hot encoding with ignore,RECEIVE_CATEGORY_OHEWI,RECEIVE_CATEGORY_OHEWI,Same-source OHE structural exclusivity,True,-0.062341988889730145,Very weak or negligible,-0.062341988889730145,Very weak or negligible,0.062341988889730145,0.062341988889730145,0.0,0.0,0.062341988889730145,False
RECEIVE_CATEGORY_OHEWI_misc_net,RECEIVE_CATEGORY_OHEWI_shopping_net,One-Hot encoding with ignore,One-Hot encoding with ignore,RECEIVE_CATEGORY_OHEWI,RECEIVE_CATEGORY_OHEWI,Same-source OHE structural exclusivity,True,-0.06469111253824028,Very weak or negligible,-0.06469111253824028,Very weak or negligible,0.06469111253824028,0.06469111253824028,0.0,0.0,0.06469111253824028,False
RECEIVE_CATEGORY_OHEWI_misc_net,RECEIVE_CATEGORY_OHEWI_shopping_pos,One-Hot encoding with ignore,One-Hot encoding with ignore,RECEIVE_CATEGORY_OHEWI,RECEIVE_CATEGORY_OHEWI,Same-source OHE structural exclusivity,True,-0.07127899024234029,Very weak or negligible,-0.07127899024234029,Very weak or negligible,0.07127899024234029,0.07127899024234029,0.0,0.0,0.07127899024234029,False
RECEIVE_CATEGORY_OHEWI_misc_net,RECEIVE_CATEGORY_OHEWI_travel,One-Hot encoding with ignore,One-Hot encoding with ignore,RECEIVE_CATEGORY_OHEWI,RECEIVE_CATEGORY_OHEWI,Same-source OHE structural exclusivity,True,-0.040766887171408125,Very weak or negligible,-0.040766887171408125,Very weak or negligible,0.040766887171408125,0.040766887171408125,0.0,0.0,0.040766887171408125,False
RECEIVE_CATEGORY_OHEWI_misc_pos,RECEIVE_CATEGORY_OHEWI_personal_care,One-Hot encoding with ignore,One-Hot encoding with ignore,RECEIVE_CATEGORY_OHEWI,RECEIVE_CATEGORY_OHEWI,Same-source OHE structural exclusivity,True,-0.07045320626067927,Very weak or negligible,-0.07045320626067927,Very weak or negligible,0.07045320626067927,0.07045320626067927,0.0,0.0,0.07045320626067927,False
RECEIVE_CATEGORY_OHEWI_misc_pos,RECEIVE_CATEGORY_OHEWI_shopping_net,One-Hot encoding with ignore,One-Hot encoding with ignore,RECEIVE_CATEGORY_OHEWI,RECEIVE_CATEGORY_OHEWI,Same-source OHE structural exclusivity,True,-0.07310797066405858,Very weak or negligible,-0.07310797066405858,Very weak or negligible,0.07310797066405858,0.07310797066405858,0.0,0.0,0.07310797066405858,False
RECEIVE_CATEGORY_OHEWI_misc_pos,RECEIVE_CATEGORY_OHEWI_shopping_pos,One-Hot encoding with ignore,One-Hot encoding with ignore,RECEIVE_CATEGORY_OHEWI,RECEIVE_CATEGORY_OHEWI,Same-source OHE structural exclusivity,True,-0.08055298669535728,Very weak or negligible,-0.08055298669535728,Very weak or negligible,0.08055298669535728,0.08055298669535728,0.0,0.0,0.08055298669535728,False
RECEIVE_CATEGORY_OHEWI_misc_pos,RECEIVE_CATEGORY_OHEWI_travel,One-Hot encoding with ignore,One-Hot encoding with ignore,RECEIVE_CATEGORY_OHEWI,RECEIVE_CATEGORY_OHEWI,Same-source OHE structural exclusivity,True,-0.04607100225136061,Very weak or negligible,-0.04607100225136061,Very weak or negligible,0.04607100225136061,0.04607100225136061,0.0,0.0,0.04607100225136061,False
RECEIVE_CATEGORY_OHEWI_personal_care,RECEIVE_CATEGORY_OHEWI_shopping_net,One-Hot encoding with ignore,One-Hot encoding with ignore,RECEIVE_CATEGORY_OHEWI,RECEIVE_CATEGORY_OHEWI,Same-source OHE structural exclusivity,True,-0.07837546255007177,Very weak or negligible,-0.07837546255007177,Very weak or negligible,0.07837546255007177,0.07837546255007177,0.0,0.0,0.07837546255007177,False
RECEIVE_CATEGORY_OHEWI_personal_care,RECEIVE_CATEGORY_OHEWI_shopping_pos,One-Hot encoding with ignore,One-Hot encoding with ignore,RECEIVE_CATEGORY_OHEWI,RECEIVE_CATEGORY_OHEWI,Same-source OHE structural exclusivity,True,-0.08635689836131913,Very weak or negligible,-0.08635689836131913,Very weak or negligible,0.08635689836131913,0.08635689836131913,0.0,0.0,0.08635689836131913,False
RECEIVE_CATEGORY_OHEWI_personal_care,RECEIVE_CATEGORY_OHEWI_travel,One-Hot encoding with ignore,One-Hot encoding with ignore,RECEIVE_CATEGORY_OHEWI,RECEIVE_CATEGORY_OHEWI,Same-source OHE structural exclusivity,True,-0.04939045741247679,Very weak or negligible,-0.04939045741247679,Very weak or negligible,0.04939045741247679,0.04939045741247679,0.0,0.0,0.04939045741247679,False
RECEIVE_CATEGORY_OHEWI_shopping_net,RECEIVE_CATEGORY_OHEWI_shopping_pos,One-Hot encoding with ignore,One-Hot encoding with ignore,RECEIVE_CATEGORY_OHEWI,RECEIVE_CATEGORY_OHEWI,Same-source OHE structural exclusivity,True,-0.08961093365543496,Very weak or negligible,-0.08961093365543496,Very weak or negligible,0.08961093365543496,0.08961093365543496,0.0,0.0,0.08961093365543496,False
RECEIVE_CATEGORY_OHEWI_shopping_net,RECEIVE_CATEGORY_OHEWI_travel,One-Hot encoding with ignore,One-Hot encoding with ignore,RECEIVE_CATEGORY_OHEWI,RECEIVE_CATEGORY_OHEWI,Same-source OHE structural exclusivity,True,-0.051251551252835405,Very weak or negligible,-0.051251551252835405,Very weak or negligible,0.051251551252835405,0.051251551252835405,0.0,0.0,0.051251551252835405,False
RECEIVE_CATEGORY_OHEWI_shopping_pos,RECEIVE_CATEGORY_OHEWI_travel,One-Hot encoding with ignore,One-Hot encoding with ignore,RECEIVE_CATEGORY_OHEWI,RECEIVE_CATEGORY_OHEWI,Same-source OHE structural exclusivity,True,-0.05647079913019269,Very weak or negligible,-0.05647079913019269,Very weak or negligible,0.05647079913019269,0.05647079913019269,0.0,0.0,0.05647079913019269,False
